USE poliklinika;

INSERT INTO odjel (sifra, naziv, opis, vrijeme_kreiranja, vrijeme_azuriranja) VALUES
('ODJ001', 'Interna medicina', 'Klinicki odjel: Interna medicina', '2026-01-01 08:00:00', '2026-01-01 08:00:00'),
('ODJ002', 'Kardiologija', 'Klinicki odjel: Kardiologija', '2026-01-01 08:00:00', '2026-01-01 08:00:00'),
('ODJ003', 'Neurologija', 'Klinicki odjel: Neurologija', '2026-01-01 08:00:00', '2026-01-01 08:00:00'),
('ODJ004', 'Pulmologija', 'Klinicki odjel: Pulmologija', '2026-01-01 08:00:00', '2026-01-01 08:00:00'),
('ODJ005', 'Gastroenterologija', 'Klinicki odjel: Gastroenterologija', '2026-01-01 08:00:00', '2026-01-01 08:00:00'),
('ODJ006', 'Endokrinologija', 'Klinicki odjel: Endokrinologija', '2026-01-01 08:00:00', '2026-01-01 08:00:00'),
('ODJ007', 'Nefrologija', 'Klinicki odjel: Nefrologija', '2026-01-01 08:00:00', '2026-01-01 08:00:00'),
('ODJ008', 'Dermatologija', 'Klinicki odjel: Dermatologija', '2026-01-01 08:00:00', '2026-01-01 08:00:00'),
('ODJ009', 'Oftalmologija', 'Klinicki odjel: Oftalmologija', '2026-01-01 08:00:00', '2026-01-01 08:00:00'),
('ODJ010', 'ORL', 'Klinicki odjel: ORL', '2026-01-01 08:00:00', '2026-01-01 08:00:00'),
('ODJ011', 'Ortopedija', 'Klinicki odjel: Ortopedija', '2026-01-01 08:00:00', '2026-01-01 08:00:00'),
('ODJ012', 'Fizikalna medicina', 'Klinicki odjel: Fizikalna medicina', '2026-01-01 08:00:00', '2026-01-01 08:00:00'),
('ODJ013', 'Reumatologija', 'Klinicki odjel: Reumatologija', '2026-01-01 08:00:00', '2026-01-01 08:00:00'),
('ODJ014', 'Urologija', 'Klinicki odjel: Urologija', '2026-01-01 08:00:00', '2026-01-01 08:00:00'),
('ODJ015', 'Ginekologija', 'Klinicki odjel: Ginekologija', '2026-01-01 08:00:00', '2026-01-01 08:00:00'),
('ODJ016', 'Pedijatrija', 'Klinicki odjel: Pedijatrija', '2026-01-01 08:00:00', '2026-01-01 08:00:00'),
('ODJ017', 'Onkologija', 'Klinicki odjel: Onkologija', '2026-01-01 08:00:00', '2026-01-01 08:00:00'),
('ODJ018', 'Hematologija', 'Klinicki odjel: Hematologija', '2026-01-01 08:00:00', '2026-01-01 08:00:00'),
('ODJ019', 'Radiologija', 'Klinicki odjel: Radiologija', '2026-01-01 08:00:00', '2026-01-01 08:00:00'),
('ODJ020', 'Laboratorijska dijagnostika', 'Klinicki odjel: Laboratorijska dijagnostika', '2026-01-01 08:00:00', '2026-01-01 08:00:00'),
('ODJ021', 'Psihijatrija', 'Klinicki odjel: Psihijatrija', '2026-01-01 08:00:00', '2026-01-01 08:00:00'),
('ODJ022', 'Psihologija', 'Klinicki odjel: Psihologija', '2026-01-01 08:00:00', '2026-01-01 08:00:00'),
('ODJ023', 'Nutricionizam', 'Klinicki odjel: Nutricionizam', '2026-01-01 08:00:00', '2026-01-01 08:00:00'),
('ODJ024', 'Hitna ambulanta', 'Klinicki odjel: Hitna ambulanta', '2026-01-01 08:00:00', '2026-01-01 08:00:00'),
('ODJ025', 'Obiteljska medicina', 'Klinicki odjel: Obiteljska medicina', '2026-01-01 08:00:00', '2026-01-01 08:00:00'),
('ODJ026', 'Interna medicina - jedinica 1', 'Klinicki odjel: Interna medicina - jedinica 1', '2026-01-01 08:00:00', '2026-01-01 08:00:00'),
('ODJ027', 'Kardiologija - jedinica 2', 'Klinicki odjel: Kardiologija - jedinica 2', '2026-01-01 08:00:00', '2026-01-01 08:00:00'),
('ODJ028', 'Neurologija - jedinica 3', 'Klinicki odjel: Neurologija - jedinica 3', '2026-01-01 08:00:00', '2026-01-01 08:00:00'),
('ODJ029', 'Pulmologija - jedinica 4', 'Klinicki odjel: Pulmologija - jedinica 4', '2026-01-01 08:00:00', '2026-01-01 08:00:00'),
('ODJ030', 'Gastroenterologija - jedinica 5', 'Klinicki odjel: Gastroenterologija - jedinica 5', '2026-01-01 08:00:00', '2026-01-01 08:00:00'),
('ODJ031', 'Endokrinologija - jedinica 6', 'Klinicki odjel: Endokrinologija - jedinica 6', '2026-01-01 08:00:00', '2026-01-01 08:00:00'),
('ODJ032', 'Nefrologija - jedinica 7', 'Klinicki odjel: Nefrologija - jedinica 7', '2026-01-01 08:00:00', '2026-01-01 08:00:00'),
('ODJ033', 'Dermatologija - jedinica 8', 'Klinicki odjel: Dermatologija - jedinica 8', '2026-01-01 08:00:00', '2026-01-01 08:00:00'),
('ODJ034', 'Oftalmologija - jedinica 9', 'Klinicki odjel: Oftalmologija - jedinica 9', '2026-01-01 08:00:00', '2026-01-01 08:00:00'),
('ODJ035', 'ORL - jedinica 10', 'Klinicki odjel: ORL - jedinica 10', '2026-01-01 08:00:00', '2026-01-01 08:00:00'),
('ODJ036', 'Ortopedija - jedinica 11', 'Klinicki odjel: Ortopedija - jedinica 11', '2026-01-01 08:00:00', '2026-01-01 08:00:00'),
('ODJ037', 'Fizikalna medicina - jedinica 12', 'Klinicki odjel: Fizikalna medicina - jedinica 12', '2026-01-01 08:00:00', '2026-01-01 08:00:00'),
('ODJ038', 'Reumatologija - jedinica 13', 'Klinicki odjel: Reumatologija - jedinica 13', '2026-01-01 08:00:00', '2026-01-01 08:00:00'),
('ODJ039', 'Urologija - jedinica 14', 'Klinicki odjel: Urologija - jedinica 14', '2026-01-01 08:00:00', '2026-01-01 08:00:00'),
('ODJ040', 'Ginekologija - jedinica 15', 'Klinicki odjel: Ginekologija - jedinica 15', '2026-01-01 08:00:00', '2026-01-01 08:00:00'),
('ODJ041', 'Pedijatrija - jedinica 16', 'Klinicki odjel: Pedijatrija - jedinica 16', '2026-01-01 08:00:00', '2026-01-01 08:00:00'),
('ODJ042', 'Onkologija - jedinica 17', 'Klinicki odjel: Onkologija - jedinica 17', '2026-01-01 08:00:00', '2026-01-01 08:00:00'),
('ODJ043', 'Hematologija - jedinica 18', 'Klinicki odjel: Hematologija - jedinica 18', '2026-01-01 08:00:00', '2026-01-01 08:00:00'),
('ODJ044', 'Radiologija - jedinica 19', 'Klinicki odjel: Radiologija - jedinica 19', '2026-01-01 08:00:00', '2026-01-01 08:00:00'),
('ODJ045', 'Laboratorijska dijagnostika - jedinica 20', 'Klinicki odjel: Laboratorijska dijagnostika - jedinica 20', '2026-01-01 08:00:00', '2026-01-01 08:00:00'),
('ODJ046', 'Psihijatrija - jedinica 21', 'Klinicki odjel: Psihijatrija - jedinica 21', '2026-01-01 08:00:00', '2026-01-01 08:00:00'),
('ODJ047', 'Psihologija - jedinica 22', 'Klinicki odjel: Psihologija - jedinica 22', '2026-01-01 08:00:00', '2026-01-01 08:00:00'),
('ODJ048', 'Nutricionizam - jedinica 23', 'Klinicki odjel: Nutricionizam - jedinica 23', '2026-01-01 08:00:00', '2026-01-01 08:00:00'),
('ODJ049', 'Hitna ambulanta - jedinica 24', 'Klinicki odjel: Hitna ambulanta - jedinica 24', '2026-01-01 08:00:00', '2026-01-01 08:00:00'),
('ODJ050', 'Obiteljska medicina - jedinica 25', 'Klinicki odjel: Obiteljska medicina - jedinica 25', '2026-01-01 08:00:00', '2026-01-01 08:00:00');

INSERT INTO specijalizacija (sifra, naziv, opis, vrijeme_kreiranja, vrijeme_azuriranja) VALUES
('SPEC001', 'Specijalist interne medicine', 'Medicinska specijalizacija: Specijalist interne medicine', '2026-01-01 08:00:00', '2026-01-01 08:00:00'),
('SPEC002', 'Specijalist kardiologije', 'Medicinska specijalizacija: Specijalist kardiologije', '2026-01-01 08:00:00', '2026-01-01 08:00:00'),
('SPEC003', 'Specijalist neurologije', 'Medicinska specijalizacija: Specijalist neurologije', '2026-01-01 08:00:00', '2026-01-01 08:00:00'),
('SPEC004', 'Specijalist pulmologije', 'Medicinska specijalizacija: Specijalist pulmologije', '2026-01-01 08:00:00', '2026-01-01 08:00:00'),
('SPEC005', 'Specijalist gastroenterologije', 'Medicinska specijalizacija: Specijalist gastroenterologije', '2026-01-01 08:00:00', '2026-01-01 08:00:00'),
('SPEC006', 'Specijalist endokrinologije', 'Medicinska specijalizacija: Specijalist endokrinologije', '2026-01-01 08:00:00', '2026-01-01 08:00:00'),
('SPEC007', 'Specijalist nefrologije', 'Medicinska specijalizacija: Specijalist nefrologije', '2026-01-01 08:00:00', '2026-01-01 08:00:00'),
('SPEC008', 'Specijalist dermatovenerologije', 'Medicinska specijalizacija: Specijalist dermatovenerologije', '2026-01-01 08:00:00', '2026-01-01 08:00:00'),
('SPEC009', 'Specijalist oftalmologije', 'Medicinska specijalizacija: Specijalist oftalmologije', '2026-01-01 08:00:00', '2026-01-01 08:00:00'),
('SPEC010', 'Specijalist otorinolaringologije', 'Medicinska specijalizacija: Specijalist otorinolaringologije', '2026-01-01 08:00:00', '2026-01-01 08:00:00'),
('SPEC011', 'Specijalist ortopedije', 'Medicinska specijalizacija: Specijalist ortopedije', '2026-01-01 08:00:00', '2026-01-01 08:00:00'),
('SPEC012', 'Specijalist fizikalne medicine i rehabilitacije', 'Medicinska specijalizacija: Specijalist fizikalne medicine i rehabilitacije', '2026-01-01 08:00:00', '2026-01-01 08:00:00'),
('SPEC013', 'Specijalist reumatologije', 'Medicinska specijalizacija: Specijalist reumatologije', '2026-01-01 08:00:00', '2026-01-01 08:00:00'),
('SPEC014', 'Specijalist urologije', 'Medicinska specijalizacija: Specijalist urologije', '2026-01-01 08:00:00', '2026-01-01 08:00:00'),
('SPEC015', 'Specijalist ginekologije i opstetricije', 'Medicinska specijalizacija: Specijalist ginekologije i opstetricije', '2026-01-01 08:00:00', '2026-01-01 08:00:00'),
('SPEC016', 'Specijalist pedijatrije', 'Medicinska specijalizacija: Specijalist pedijatrije', '2026-01-01 08:00:00', '2026-01-01 08:00:00'),
('SPEC017', 'Specijalist onkologije', 'Medicinska specijalizacija: Specijalist onkologije', '2026-01-01 08:00:00', '2026-01-01 08:00:00'),
('SPEC018', 'Specijalist hematologije', 'Medicinska specijalizacija: Specijalist hematologije', '2026-01-01 08:00:00', '2026-01-01 08:00:00'),
('SPEC019', 'Specijalist radiologije', 'Medicinska specijalizacija: Specijalist radiologije', '2026-01-01 08:00:00', '2026-01-01 08:00:00'),
('SPEC020', 'Specijalist medicinske biokemije i laboratorijske medicine', 'Medicinska specijalizacija: Specijalist medicinske biokemije i laboratorijske medicine', '2026-01-01 08:00:00', '2026-01-01 08:00:00'),
('SPEC021', 'Specijalist psihijatrije', 'Medicinska specijalizacija: Specijalist psihijatrije', '2026-01-01 08:00:00', '2026-01-01 08:00:00'),
('SPEC022', 'Klinički psiholog', 'Medicinska specijalizacija: Klinički psiholog', '2026-01-01 08:00:00', '2026-01-01 08:00:00'),
('SPEC023', 'Magistar nutricionizma', 'Medicinska specijalizacija: Magistar nutricionizma', '2026-01-01 08:00:00', '2026-01-01 08:00:00'),
('SPEC024', 'Liječnik hitne medicine', 'Medicinska specijalizacija: Liječnik hitne medicine', '2026-01-01 08:00:00', '2026-01-01 08:00:00'),
('SPEC025', 'Specijalist obiteljske medicine', 'Medicinska specijalizacija: Specijalist obiteljske medicine', '2026-01-01 08:00:00', '2026-01-01 08:00:00'),
('SPEC026', 'Specijalist interne medicine (suradnik)', 'Medicinska specijalizacija: Specijalist interne medicine (suradnik)', '2026-01-01 08:00:00', '2026-01-01 08:00:00'),
('SPEC027', 'Specijalist kardiologije (suradnik)', 'Medicinska specijalizacija: Specijalist kardiologije (suradnik)', '2026-01-01 08:00:00', '2026-01-01 08:00:00'),
('SPEC028', 'Specijalist neurologije (suradnik)', 'Medicinska specijalizacija: Specijalist neurologije (suradnik)', '2026-01-01 08:00:00', '2026-01-01 08:00:00'),
('SPEC029', 'Specijalist pulmologije (suradnik)', 'Medicinska specijalizacija: Specijalist pulmologije (suradnik)', '2026-01-01 08:00:00', '2026-01-01 08:00:00'),
('SPEC030', 'Specijalist gastroenterologije (suradnik)', 'Medicinska specijalizacija: Specijalist gastroenterologije (suradnik)', '2026-01-01 08:00:00', '2026-01-01 08:00:00'),
('SPEC031', 'Specijalist endokrinologije (suradnik)', 'Medicinska specijalizacija: Specijalist endokrinologije (suradnik)', '2026-01-01 08:00:00', '2026-01-01 08:00:00'),
('SPEC032', 'Specijalist nefrologije (suradnik)', 'Medicinska specijalizacija: Specijalist nefrologije (suradnik)', '2026-01-01 08:00:00', '2026-01-01 08:00:00'),
('SPEC033', 'Specijalist dermatovenerologije (suradnik)', 'Medicinska specijalizacija: Specijalist dermatovenerologije (suradnik)', '2026-01-01 08:00:00', '2026-01-01 08:00:00'),
('SPEC034', 'Specijalist oftalmologije (suradnik)', 'Medicinska specijalizacija: Specijalist oftalmologije (suradnik)', '2026-01-01 08:00:00', '2026-01-01 08:00:00'),
('SPEC035', 'Specijalist otorinolaringologije (suradnik)', 'Medicinska specijalizacija: Specijalist otorinolaringologije (suradnik)', '2026-01-01 08:00:00', '2026-01-01 08:00:00'),
('SPEC036', 'Specijalist ortopedije (suradnik)', 'Medicinska specijalizacija: Specijalist ortopedije (suradnik)', '2026-01-01 08:00:00', '2026-01-01 08:00:00'),
('SPEC037', 'Specijalist fizikalne medicine i rehabilitacije (suradnik)', 'Medicinska specijalizacija: Specijalist fizikalne medicine i rehabilitacije (suradnik)', '2026-01-01 08:00:00', '2026-01-01 08:00:00'),
('SPEC038', 'Specijalist reumatologije (suradnik)', 'Medicinska specijalizacija: Specijalist reumatologije (suradnik)', '2026-01-01 08:00:00', '2026-01-01 08:00:00'),
('SPEC039', 'Specijalist urologije (suradnik)', 'Medicinska specijalizacija: Specijalist urologije (suradnik)', '2026-01-01 08:00:00', '2026-01-01 08:00:00'),
('SPEC040', 'Specijalist ginekologije i opstetricije (suradnik)', 'Medicinska specijalizacija: Specijalist ginekologije i opstetricije (suradnik)', '2026-01-01 08:00:00', '2026-01-01 08:00:00'),
('SPEC041', 'Specijalist pedijatrije (suradnik)', 'Medicinska specijalizacija: Specijalist pedijatrije (suradnik)', '2026-01-01 08:00:00', '2026-01-01 08:00:00'),
('SPEC042', 'Specijalist onkologije (suradnik)', 'Medicinska specijalizacija: Specijalist onkologije (suradnik)', '2026-01-01 08:00:00', '2026-01-01 08:00:00'),
('SPEC043', 'Specijalist hematologije (suradnik)', 'Medicinska specijalizacija: Specijalist hematologije (suradnik)', '2026-01-01 08:00:00', '2026-01-01 08:00:00'),
('SPEC044', 'Specijalist radiologije (suradnik)', 'Medicinska specijalizacija: Specijalist radiologije (suradnik)', '2026-01-01 08:00:00', '2026-01-01 08:00:00'),
('SPEC045', 'Specijalist medicinske biokemije i laboratorijske medicine (suradnik)', 'Medicinska specijalizacija: Specijalist medicinske biokemije i laboratorijske medicine (suradnik)', '2026-01-01 08:00:00', '2026-01-01 08:00:00'),
('SPEC046', 'Specijalist psihijatrije (suradnik)', 'Medicinska specijalizacija: Specijalist psihijatrije (suradnik)', '2026-01-01 08:00:00', '2026-01-01 08:00:00'),
('SPEC047', 'Klinički psiholog (suradnik)', 'Medicinska specijalizacija: Klinički psiholog (suradnik)', '2026-01-01 08:00:00', '2026-01-01 08:00:00'),
('SPEC048', 'Magistar nutricionizma (suradnik)', 'Medicinska specijalizacija: Magistar nutricionizma (suradnik)', '2026-01-01 08:00:00', '2026-01-01 08:00:00'),
('SPEC049', 'Liječnik hitne medicine (suradnik)', 'Medicinska specijalizacija: Liječnik hitne medicine (suradnik)', '2026-01-01 08:00:00', '2026-01-01 08:00:00'),
('SPEC050', 'Specijalist obiteljske medicine (suradnik)', 'Medicinska specijalizacija: Specijalist obiteljske medicine (suradnik)', '2026-01-01 08:00:00', '2026-01-01 08:00:00');

# 1. ZAPIS 
INSERT INTO pacijent (oib, mbo, ime, prezime, spol, datum_rodjenja, broj_mobitela, email_adresa, adresa_stanovanja, grad, biljeska, vrijeme_kreiranja, vrijeme_azuriranja) VALUES
('30000000001', 'MBO00000001', 'Ivan', 'Horvat', 'm', '1958-11-07', '+38591200001', 'ivan.horvat1@mail.hr', 'Ulica hrvatskih branitelja 1', 'Zagreb', 'Bez poznatih alergija', '2026-01-01 08:00:00', '2026-01-01 08:00:00'),
('30000000002', 'MBO00000002', 'Marko', 'Kovacevic', 'ž', '1959-09-13', '+38591200002', 'marko.kovacevic2@mail.hr', 'Ulica hrvatskih branitelja 2', 'Split', 'Bez poznatih alergija', '2026-01-01 08:00:00', '2026-01-01 08:00:00'),
('30000000003', 'MBO00000003', 'Luka', 'Babic', 'm', '1960-07-19', '+38591200003', 'luka.babic3@mail.hr', 'Ulica hrvatskih branitelja 3', 'Rijeka', 'Bez poznatih alergija', '2026-01-01 08:00:00', '2026-01-01 08:00:00'),
('30000000004', 'MBO00000004', 'Petar', 'Maric', 'ž', '1961-05-25', '+38591200004', 'petar.maric4@mail.hr', 'Ulica hrvatskih branitelja 4', 'Osijek', 'Alergija na penicilin', '2026-01-01 08:00:00', '2026-01-01 08:00:00'),
('30000000005', 'MBO00000005', 'Josip', 'Juric', 'm', '1962-03-31', '+38591200005', 'josip.juric5@mail.hr', 'Ulica hrvatskih branitelja 5', 'Zadar', 'Bez poznatih alergija', '2026-01-01 08:00:00', '2026-01-01 08:00:00'),
('30000000006', 'MBO00000006', 'Karlo', 'Vukovic', 'ž', '1963-02-04', '+38591200006', 'karlo.vukovic6@mail.hr', 'Ulica hrvatskih branitelja 6', 'Pula', 'Bez poznatih alergija', '2026-01-01 08:00:00', '2026-01-01 08:00:00'),
('30000000007', 'MBO00000007', 'Filip', 'Knezevic', 'm', '1963-12-11', '+38591200007', 'filip.knezevic7@mail.hr', 'Ulica hrvatskih branitelja 7', 'Karlovac', 'Bez poznatih alergija', '2026-01-01 08:00:00', '2026-01-01 08:00:00'),
('30000000008', 'MBO00000008', 'Matej', 'Pavlovic', 'ž', '1964-10-16', '+38591200008', 'matej.pavlovic8@mail.hr', 'Ulica hrvatskih branitelja 8', 'Varazdin', 'Alergija na penicilin', '2026-01-01 08:00:00', '2026-01-01 08:00:00'),
('30000000009', 'MBO00000009', 'Antonio', 'Bozic', 'm', '1965-08-22', '+38591200009', 'antonio.bozic9@mail.hr', 'Ulica hrvatskih branitelja 9', 'Sibenik', 'Bez poznatih alergija', '2026-01-01 08:00:00', '2026-01-01 08:00:00'),
('30000000010', 'MBO00000010', 'Bruno', 'Novak', 'ž', '1966-06-28', '+38591200010', 'bruno.novak10@mail.hr', 'Ulica hrvatskih branitelja 10', 'Dubrovnik', 'Bez poznatih alergija', '2026-01-01 08:00:00', '2026-01-01 08:00:00'),
('30000000011', 'MBO00000011', 'Nikola', 'Peric', 'm', '1967-05-04', '+38591200011', 'nikola.peric11@mail.hr', 'Ulica hrvatskih branitelja 11', 'Zagreb', 'Bez poznatih alergija', '2026-01-01 08:00:00', '2026-01-01 08:00:00'),
('30000000012', 'MBO00000012', 'Tomislav', 'Milic', 'ž', '1968-03-09', '+38591200012', 'tomislav.milic12@mail.hr', 'Ulica hrvatskih branitelja 12', 'Split', 'Alergija na penicilin', '2026-01-01 08:00:00', '2026-01-01 08:00:00'),
('30000000013', 'MBO00000013', 'Domagoj', 'Radic', 'm', '1969-01-13', '+38591200013', 'domagoj.radic13@mail.hr', 'Ulica hrvatskih branitelja 13', 'Rijeka', 'Bez poznatih alergija', '2026-01-01 08:00:00', '2026-01-01 08:00:00'),
('30000000014', 'MBO00000014', 'Ante', 'Kralj', 'ž', '1969-11-19', '+38591200014', 'ante.kralj14@mail.hr', 'Ulica hrvatskih branitelja 14', 'Osijek', 'Bez poznatih alergija', '2026-01-01 08:00:00', '2026-01-01 08:00:00'),
('30000000015', 'MBO00000015', 'Dario', 'Matic', 'm', '1970-09-25', '+38591200015', 'dario.matic15@mail.hr', 'Ulica hrvatskih branitelja 15', 'Zadar', 'Bez poznatih alergija', '2026-01-01 08:00:00', '2026-01-01 08:00:00'),
('30000000016', 'MBO00000016', 'Mario', 'Grgic', 'ž', '1971-08-01', '+38591200016', 'mario.grgic16@mail.hr', 'Ulica hrvatskih branitelja 16', 'Pula', 'Alergija na penicilin', '2026-01-01 08:00:00', '2026-01-01 08:00:00'),
('30000000017', 'MBO00000017', 'Stjepan', 'Varga', 'm', '1972-06-06', '+38591200017', 'stjepan.varga17@mail.hr', 'Ulica hrvatskih branitelja 17', 'Karlovac', 'Bez poznatih alergija', '2026-01-01 08:00:00', '2026-01-01 08:00:00'),
('30000000018', 'MBO00000018', 'Zvonimir', 'Barisic', 'ž', '1973-04-12', '+38591200018', 'zvonimir.barisic18@mail.hr', 'Ulica hrvatskih branitelja 18', 'Varazdin', 'Bez poznatih alergija', '2026-01-01 08:00:00', '2026-01-01 08:00:00'),
('30000000019', 'MBO00000019', 'Hrvoje', 'Klaric', 'm', '1974-02-16', '+38591200019', 'hrvoje.klaric19@mail.hr', 'Ulica hrvatskih branitelja 19', 'Sibenik', 'Bez poznatih alergija', '2026-01-01 08:00:00', '2026-01-01 08:00:00'),
('30000000020', 'MBO00000020', 'Mislav', 'Simic', 'ž', '1974-12-23', '+38591200020', 'mislav.simic20@mail.hr', 'Ulica hrvatskih branitelja 20', 'Dubrovnik', 'Alergija na penicilin', '2026-01-01 08:00:00', '2026-01-01 08:00:00'),
('30000000021', 'MBO00000021', 'Tin', 'Tomic', 'm', '1975-10-29', '+38591200021', 'tin.tomic21@mail.hr', 'Ulica hrvatskih branitelja 21', 'Zagreb', 'Bez poznatih alergija', '2026-01-01 08:00:00', '2026-01-01 08:00:00'),
('30000000022', 'MBO00000022', 'Roko', 'Zoric', 'ž', '1976-09-03', '+38591200022', 'roko.zoric22@mail.hr', 'Ulica hrvatskih branitelja 22', 'Split', 'Bez poznatih alergija', '2026-01-01 08:00:00', '2026-01-01 08:00:00'),
('30000000023', 'MBO00000023', 'Lovro', 'Bosanac', 'm', '1977-07-10', '+38591200023', 'lovro.bosanac23@mail.hr', 'Ulica hrvatskih branitelja 23', 'Rijeka', 'Bez poznatih alergija', '2026-01-01 08:00:00', '2026-01-01 08:00:00'),
('30000000024', 'MBO00000024', 'Fran', 'Loncar', 'ž', '1978-05-16', '+38591200024', 'fran.loncar24@mail.hr', 'Ulica hrvatskih branitelja 24', 'Osijek', 'Alergija na penicilin', '2026-01-01 08:00:00', '2026-01-01 08:00:00'),
('30000000025', 'MBO00000025', 'Ema', 'Soldo', 'm', '1979-03-22', '+38591200025', 'ema.soldo25@mail.hr', 'Ulica hrvatskih branitelja 25', 'Zadar', 'Bez poznatih alergija', '2026-01-01 08:00:00', '2026-01-01 08:00:00'),
('30000000026', 'MBO00000026', 'Mia', 'Mikulic', 'ž', '1980-01-26', '+38591200026', 'mia.mikulic26@mail.hr', 'Ulica hrvatskih branitelja 26', 'Pula', 'Bez poznatih alergija', '2026-01-01 08:00:00', '2026-01-01 08:00:00'),
('30000000027', 'MBO00000027', 'Ana', 'Mandic', 'm', '1980-12-01', '+38591200027', 'ana.mandic27@mail.hr', 'Ulica hrvatskih branitelja 27', 'Karlovac', 'Bez poznatih alergija', '2026-01-01 08:00:00', '2026-01-01 08:00:00'),
('30000000028', 'MBO00000028', 'Petra', 'Blazevic', 'ž', '1981-10-07', '+38591200028', 'petra.blazevic28@mail.hr', 'Ulica hrvatskih branitelja 28', 'Varazdin', 'Alergija na penicilin', '2026-01-01 08:00:00', '2026-01-01 08:00:00'),
('30000000029', 'MBO00000029', 'Sara', 'Crnkovic', 'm', '1982-08-13', '+38591200029', 'sara.crnkovic29@mail.hr', 'Ulica hrvatskih branitelja 29', 'Sibenik', 'Bez poznatih alergija', '2026-01-01 08:00:00', '2026-01-01 08:00:00'),
('30000000030', 'MBO00000030', 'Iva', 'Poljak', 'ž', '1983-06-19', '+38591200030', 'iva.poljak30@mail.hr', 'Ulica hrvatskih branitelja 30', 'Dubrovnik', 'Bez poznatih alergija', '2026-01-01 08:00:00', '2026-01-01 08:00:00'),
('30000000031', 'MBO00000031', 'Lucija', 'Matijevic', 'm', '1984-04-24', '+38591200031', 'lucija.matijevic31@mail.hr', 'Ulica hrvatskih branitelja 31', 'Zagreb', 'Bez poznatih alergija', '2026-01-01 08:00:00', '2026-01-01 08:00:00'),
('30000000032', 'MBO00000032', 'Nika', 'Saric', 'ž', '1985-02-28', '+38591200032', 'nika.saric32@mail.hr', 'Ulica hrvatskih branitelja 32', 'Split', 'Alergija na penicilin', '2026-01-01 08:00:00', '2026-01-01 08:00:00'),
('30000000033', 'MBO00000033', 'Lea', 'Pranjic', 'm', '1986-01-04', '+38591200033', 'lea.pranjic33@mail.hr', 'Ulica hrvatskih branitelja 33', 'Rijeka', 'Bez poznatih alergija', '2026-01-01 08:00:00', '2026-01-01 08:00:00'),
('30000000034', 'MBO00000034', 'Martina', 'Vidovic', 'ž', '1986-11-10', '+38591200034', 'martina.vidovic34@mail.hr', 'Ulica hrvatskih branitelja 34', 'Osijek', 'Bez poznatih alergija', '2026-01-01 08:00:00', '2026-01-01 08:00:00'),
('30000000035', 'MBO00000035', 'Katarina', 'Majstorovic', 'm', '1987-09-16', '+38591200035', 'katarina.majstorovic35@mail.hr', 'Ulica hrvatskih branitelja 35', 'Zadar', 'Bez poznatih alergija', '2026-01-01 08:00:00', '2026-01-01 08:00:00'),
('30000000036', 'MBO00000036', 'Marija', 'Cvitanovic', 'ž', '1988-07-22', '+38591200036', 'marija.cvitanovic36@mail.hr', 'Ulica hrvatskih branitelja 36', 'Pula', 'Alergija na penicilin', '2026-01-01 08:00:00', '2026-01-01 08:00:00'),
('30000000037', 'MBO00000037', 'Ivana', 'Lukic', 'm', '1989-05-28', '+38591200037', 'ivana.lukic37@mail.hr', 'Ulica hrvatskih branitelja 37', 'Karlovac', 'Bez poznatih alergija', '2026-01-01 08:00:00', '2026-01-01 08:00:00'),
('30000000038', 'MBO00000038', 'Tea', 'Pintaric', 'ž', '1990-04-03', '+38591200038', 'tea.pintaric38@mail.hr', 'Ulica hrvatskih branitelja 38', 'Varazdin', 'Bez poznatih alergija', '2026-01-01 08:00:00', '2026-01-01 08:00:00'),
('30000000039', 'MBO00000039', 'Karla', 'Komadina', 'm', '1991-02-07', '+38591200039', 'karla.komadina39@mail.hr', 'Ulica hrvatskih branitelja 39', 'Sibenik', 'Bez poznatih alergija', '2026-01-01 08:00:00', '2026-01-01 08:00:00'),
('30000000040', 'MBO00000040', 'Dora', 'Jurina', 'ž', '1991-12-14', '+38591200040', 'dora.jurina40@mail.hr', 'Ulica hrvatskih branitelja 40', 'Dubrovnik', 'Alergija na penicilin', '2026-01-01 08:00:00', '2026-01-01 08:00:00'),
('30000000041', 'MBO00000041', 'Helena', 'Maretic', 'm', '1992-10-19', '+38591200041', 'helena.maretic41@mail.hr', 'Ulica hrvatskih branitelja 41', 'Zagreb', 'Bez poznatih alergija', '2026-01-01 08:00:00', '2026-01-01 08:00:00'),
('30000000042', 'MBO00000042', 'Paula', 'Bencic', 'ž', '1993-08-25', '+38591200042', 'paula.bencic42@mail.hr', 'Ulica hrvatskih branitelja 42', 'Split', 'Bez poznatih alergija', '2026-01-01 08:00:00', '2026-01-01 08:00:00'),
('30000000043', 'MBO00000043', 'Lana', 'Petrovic', 'm', '1994-07-01', '+38591200043', 'lana.petrovic43@mail.hr', 'Ulica hrvatskih branitelja 43', 'Rijeka', 'Bez poznatih alergija', '2026-01-01 08:00:00', '2026-01-01 08:00:00'),
('30000000044', 'MBO00000044', 'Barbara', 'Skender', 'ž', '1995-05-07', '+38591200044', 'barbara.skender44@mail.hr', 'Ulica hrvatskih branitelja 44', 'Osijek', 'Alergija na penicilin', '2026-01-01 08:00:00', '2026-01-01 08:00:00'),
('30000000045', 'MBO00000045', 'Valentina', 'Matos', 'm', '1996-03-12', '+38591200045', 'valentina.matos45@mail.hr', 'Ulica hrvatskih branitelja 45', 'Zadar', 'Bez poznatih alergija', '2026-01-01 08:00:00', '2026-01-01 08:00:00'),
('30000000046', 'MBO00000046', 'Magdalena', 'Brnasic', 'ž', '1997-01-16', '+38591200046', 'magdalena.brnasic46@mail.hr', 'Ulica hrvatskih branitelja 46', 'Pula', 'Bez poznatih alergija', '2026-01-01 08:00:00', '2026-01-01 08:00:00'),
('30000000047', 'MBO00000047', 'Gabrijela', 'Marjanovic', 'm', '1997-11-22', '+38591200047', 'gabrijela.marjanovic47@mail.hr', 'Ulica hrvatskih branitelja 47', 'Karlovac', 'Bez poznatih alergija', '2026-01-01 08:00:00', '2026-01-01 08:00:00'),
('30000000048', 'MBO00000048', 'Monika', 'Stanic', 'ž', '1998-09-28', '+38591200048', 'monika.stanic48@mail.hr', 'Ulica hrvatskih branitelja 48', 'Varazdin', 'Alergija na penicilin', '2026-01-01 08:00:00', '2026-01-01 08:00:00'),
('30000000049', 'MBO00000049', 'Nina', 'Mlinar', 'm', '1999-08-04', '+38591200049', 'nina.mlinar49@mail.hr', 'Ulica hrvatskih branitelja 49', 'Sibenik', 'Bez poznatih alergija', '2026-01-01 08:00:00', '2026-01-01 08:00:00'),
('30000000050', 'MBO00000050', 'Lorena', 'Katic', 'ž', '2000-06-09', '+38591200050', 'lorena.katic50@mail.hr', 'Ulica hrvatskih branitelja 50', 'Dubrovnik', 'Bez poznatih alergija', '2026-01-01 08:00:00', '2026-01-01 08:00:00');

INSERT INTO ordinacija (id_odjel, sifra, naziv, opis, vrijeme_kreiranja, vrijeme_azuriranja) VALUES
(1, 'ORD001', 'Ordinacija Interna medicina', 'Ambulanta za interna medicina', '2026-01-01 08:00:00', '2026-01-01 08:00:00'),
(2, 'ORD002', 'Ordinacija Kardiologija', 'Ambulanta za kardiologija', '2026-01-01 08:00:00', '2026-01-01 08:00:00'),
(3, 'ORD003', 'Ordinacija Neurologija', 'Ambulanta za neurologija', '2026-01-01 08:00:00', '2026-01-01 08:00:00'),
(4, 'ORD004', 'Ordinacija Pulmologija', 'Ambulanta za pulmologija', '2026-01-01 08:00:00', '2026-01-01 08:00:00'),
(5, 'ORD005', 'Ordinacija Gastroenterologija', 'Ambulanta za gastroenterologija', '2026-01-01 08:00:00', '2026-01-01 08:00:00'),
(6, 'ORD006', 'Ordinacija Endokrinologija', 'Ambulanta za endokrinologija', '2026-01-01 08:00:00', '2026-01-01 08:00:00'),
(7, 'ORD007', 'Ordinacija Nefrologija', 'Ambulanta za nefrologija', '2026-01-01 08:00:00', '2026-01-01 08:00:00'),
(8, 'ORD008', 'Ordinacija Dermatologija', 'Ambulanta za dermatologija', '2026-01-01 08:00:00', '2026-01-01 08:00:00'),
(9, 'ORD009', 'Ordinacija Oftalmologija', 'Ambulanta za oftalmologija', '2026-01-01 08:00:00', '2026-01-01 08:00:00'),
(10, 'ORD010', 'Ordinacija ORL', 'Ambulanta za orl', '2026-01-01 08:00:00', '2026-01-01 08:00:00'),
(11, 'ORD011', 'Ordinacija Ortopedija', 'Ambulanta za ortopedija', '2026-01-01 08:00:00', '2026-01-01 08:00:00'),
(12, 'ORD012', 'Ordinacija Fizikalna medicina', 'Ambulanta za fizikalna medicina', '2026-01-01 08:00:00', '2026-01-01 08:00:00'),
(13, 'ORD013', 'Ordinacija Reumatologija', 'Ambulanta za reumatologija', '2026-01-01 08:00:00', '2026-01-01 08:00:00'),
(14, 'ORD014', 'Ordinacija Urologija', 'Ambulanta za urologija', '2026-01-01 08:00:00', '2026-01-01 08:00:00'),
(15, 'ORD015', 'Ordinacija Ginekologija', 'Ambulanta za ginekologija', '2026-01-01 08:00:00', '2026-01-01 08:00:00'),
(16, 'ORD016', 'Ordinacija Pedijatrija', 'Ambulanta za pedijatrija', '2026-01-01 08:00:00', '2026-01-01 08:00:00'),
(17, 'ORD017', 'Ordinacija Onkologija', 'Ambulanta za onkologija', '2026-01-01 08:00:00', '2026-01-01 08:00:00'),
(18, 'ORD018', 'Ordinacija Hematologija', 'Ambulanta za hematologija', '2026-01-01 08:00:00', '2026-01-01 08:00:00'),
(19, 'ORD019', 'Ordinacija Radiologija', 'Ambulanta za radiologija', '2026-01-01 08:00:00', '2026-01-01 08:00:00'),
(20, 'ORD020', 'Ordinacija Laboratorijska dijagnostika', 'Ambulanta za laboratorijska dijagnostika', '2026-01-01 08:00:00', '2026-01-01 08:00:00'),
(21, 'ORD021', 'Ordinacija Psihijatrija', 'Ambulanta za psihijatrija', '2026-01-01 08:00:00', '2026-01-01 08:00:00'),
(22, 'ORD022', 'Ordinacija Psihologija', 'Ambulanta za psihologija', '2026-01-01 08:00:00', '2026-01-01 08:00:00'),
(23, 'ORD023', 'Ordinacija Nutricionizam', 'Ambulanta za nutricionizam', '2026-01-01 08:00:00', '2026-01-01 08:00:00'),
(24, 'ORD024', 'Ordinacija Hitna ambulanta', 'Ambulanta za hitna ambulanta', '2026-01-01 08:00:00', '2026-01-01 08:00:00'),
(25, 'ORD025', 'Ordinacija Obiteljska medicina', 'Ambulanta za obiteljska medicina', '2026-01-01 08:00:00', '2026-01-01 08:00:00'),
(26, 'ORD026', 'Ordinacija Interna medicina', 'Ambulanta za interna medicina', '2026-01-01 08:00:00', '2026-01-01 08:00:00'),
(27, 'ORD027', 'Ordinacija Kardiologija', 'Ambulanta za kardiologija', '2026-01-01 08:00:00', '2026-01-01 08:00:00'),
(28, 'ORD028', 'Ordinacija Neurologija', 'Ambulanta za neurologija', '2026-01-01 08:00:00', '2026-01-01 08:00:00'),
(29, 'ORD029', 'Ordinacija Pulmologija', 'Ambulanta za pulmologija', '2026-01-01 08:00:00', '2026-01-01 08:00:00'),
(30, 'ORD030', 'Ordinacija Gastroenterologija', 'Ambulanta za gastroenterologija', '2026-01-01 08:00:00', '2026-01-01 08:00:00'),
(31, 'ORD031', 'Ordinacija Endokrinologija', 'Ambulanta za endokrinologija', '2026-01-01 08:00:00', '2026-01-01 08:00:00'),
(32, 'ORD032', 'Ordinacija Nefrologija', 'Ambulanta za nefrologija', '2026-01-01 08:00:00', '2026-01-01 08:00:00'),
(33, 'ORD033', 'Ordinacija Dermatologija', 'Ambulanta za dermatologija', '2026-01-01 08:00:00', '2026-01-01 08:00:00'),
(34, 'ORD034', 'Ordinacija Oftalmologija', 'Ambulanta za oftalmologija', '2026-01-01 08:00:00', '2026-01-01 08:00:00'),
(35, 'ORD035', 'Ordinacija ORL', 'Ambulanta za orl', '2026-01-01 08:00:00', '2026-01-01 08:00:00'),
(36, 'ORD036', 'Ordinacija Ortopedija', 'Ambulanta za ortopedija', '2026-01-01 08:00:00', '2026-01-01 08:00:00'),
(37, 'ORD037', 'Ordinacija Fizikalna medicina', 'Ambulanta za fizikalna medicina', '2026-01-01 08:00:00', '2026-01-01 08:00:00'),
(38, 'ORD038', 'Ordinacija Reumatologija', 'Ambulanta za reumatologija', '2026-01-01 08:00:00', '2026-01-01 08:00:00'),
(39, 'ORD039', 'Ordinacija Urologija', 'Ambulanta za urologija', '2026-01-01 08:00:00', '2026-01-01 08:00:00'),
(40, 'ORD040', 'Ordinacija Ginekologija', 'Ambulanta za ginekologija', '2026-01-01 08:00:00', '2026-01-01 08:00:00'),
(41, 'ORD041', 'Ordinacija Pedijatrija', 'Ambulanta za pedijatrija', '2026-01-01 08:00:00', '2026-01-01 08:00:00'),
(42, 'ORD042', 'Ordinacija Onkologija', 'Ambulanta za onkologija', '2026-01-01 08:00:00', '2026-01-01 08:00:00'),
(43, 'ORD043', 'Ordinacija Hematologija', 'Ambulanta za hematologija', '2026-01-01 08:00:00', '2026-01-01 08:00:00'),
(44, 'ORD044', 'Ordinacija Radiologija', 'Ambulanta za radiologija', '2026-01-01 08:00:00', '2026-01-01 08:00:00'),
(45, 'ORD045', 'Ordinacija Laboratorijska dijagnostika', 'Ambulanta za laboratorijska dijagnostika', '2026-01-01 08:00:00', '2026-01-01 08:00:00'),
(46, 'ORD046', 'Ordinacija Psihijatrija', 'Ambulanta za psihijatrija', '2026-01-01 08:00:00', '2026-01-01 08:00:00'),
(47, 'ORD047', 'Ordinacija Psihologija', 'Ambulanta za psihologija', '2026-01-01 08:00:00', '2026-01-01 08:00:00'),
(48, 'ORD048', 'Ordinacija Nutricionizam', 'Ambulanta za nutricionizam', '2026-01-01 08:00:00', '2026-01-01 08:00:00'),
(49, 'ORD049', 'Ordinacija Hitna ambulanta', 'Ambulanta za hitna ambulanta', '2026-01-01 08:00:00', '2026-01-01 08:00:00'),
(50, 'ORD050', 'Ordinacija Obiteljska medicina', 'Ambulanta za obiteljska medicina', '2026-01-01 08:00:00', '2026-01-01 08:00:00');

INSERT INTO zaposlenik (sifra, ime, prezime, email, telefon, titula, id_specijalizacija, id_ordinacija, datum_zaposlenja, vrijeme_kreiranja, vrijeme_azuriranja) VALUES
('ZAP001', 'Antonio', 'Matic', 'antonio.matic@poliklinika.hr', '+38598100001', 'dr. med.', 1, 1, '2010-02-15', '2026-01-01 08:00:00', '2026-01-01 08:00:00'),
('ZAP002', 'Bruno', 'Grgic', 'bruno.grgic@poliklinika.hr', '+38598100002', 'dr. med.', 2, 2, '2010-04-01', '2026-01-01 08:00:00', '2026-01-01 08:00:00'),
('ZAP003', 'Nikola', 'Varga', 'nikola.varga@poliklinika.hr', '+38598100003', 'dr. med.', 3, 3, '2010-05-16', '2026-01-01 08:00:00', '2026-01-01 08:00:00'),
('ZAP004', 'Tomislav', 'Barisic', 'tomislav.barisic@poliklinika.hr', '+38598100004', 'dr. med.', 4, 4, '2010-06-30', '2026-01-01 08:00:00', '2026-01-01 08:00:00'),
('ZAP005', 'Domagoj', 'Klaric', 'domagoj.klaric@poliklinika.hr', '+38598100005', 'dr. med.', 5, 5, '2010-08-14', '2026-01-01 08:00:00', '2026-01-01 08:00:00'),
('ZAP006', 'Ante', 'Simic', 'ante.simic@poliklinika.hr', '+38598100006', 'dr. med.', 6, 6, '2010-09-28', '2026-01-01 08:00:00', '2026-01-01 08:00:00'),
('ZAP007', 'Dario', 'Tomic', 'dario.tomic@poliklinika.hr', '+38598100007', 'dr. med.', 7, 7, '2010-11-12', '2026-01-01 08:00:00', '2026-01-01 08:00:00'),
('ZAP008', 'Mario', 'Zoric', 'mario.zoric@poliklinika.hr', '+38598100008', 'dr. med.', 8, 8, '2010-12-27', '2026-01-01 08:00:00', '2026-01-01 08:00:00'),
('ZAP009', 'Stjepan', 'Bosanac', 'stjepan.bosanac@poliklinika.hr', '+38598100009', 'dr. med.', 9, 9, '2011-02-10', '2026-01-01 08:00:00', '2026-01-01 08:00:00'),
('ZAP010', 'Zvonimir', 'Loncar', 'zvonimir.loncar@poliklinika.hr', '+38598100010', 'dr. med.', 10, 10, '2011-03-27', '2026-01-01 08:00:00', '2026-01-01 08:00:00'),
('ZAP011', 'Hrvoje', 'Soldo', 'hrvoje.soldo@poliklinika.hr', '+38598100011', 'dr. med.', 11, 11, '2011-05-11', '2026-01-01 08:00:00', '2026-01-01 08:00:00'),
('ZAP012', 'Mislav', 'Mikulic', 'mislav.mikulic@poliklinika.hr', '+38598100012', 'dr. med.', 12, 12, '2011-06-25', '2026-01-01 08:00:00', '2026-01-01 08:00:00'),
('ZAP013', 'Tin', 'Mandic', 'tin.mandic@poliklinika.hr', '+38598100013', 'dr. med.', 13, 13, '2011-08-09', '2026-01-01 08:00:00', '2026-01-01 08:00:00'),
('ZAP014', 'Roko', 'Blazevic', 'roko.blazevic@poliklinika.hr', '+38598100014', 'dr. med.', 14, 14, '2011-09-23', '2026-01-01 08:00:00', '2026-01-01 08:00:00'),
('ZAP015', 'Lovro', 'Crnkovic', 'lovro.crnkovic@poliklinika.hr', '+38598100015', 'dr. med.', 15, 15, '2011-11-07', '2026-01-01 08:00:00', '2026-01-01 08:00:00'),
('ZAP016', 'Fran', 'Poljak', 'fran.poljak@poliklinika.hr', '+38598100016', 'dr. med.', 16, 16, '2011-12-22', '2026-01-01 08:00:00', '2026-01-01 08:00:00'),
('ZAP017', 'Ema', 'Matijevic', 'ema.matijevic@poliklinika.hr', '+38598100017', 'dr. med.', 17, 17, '2012-02-05', '2026-01-01 08:00:00', '2026-01-01 08:00:00'),
('ZAP018', 'Mia', 'Saric', 'mia.saric@poliklinika.hr', '+38598100018', 'dr. med.', 18, 18, '2012-03-21', '2026-01-01 08:00:00', '2026-01-01 08:00:00'),
('ZAP019', 'Ana', 'Pranjic', 'ana.pranjic@poliklinika.hr', '+38598100019', 'dr. med.', 19, 19, '2012-05-05', '2026-01-01 08:00:00', '2026-01-01 08:00:00'),
('ZAP020', 'Petra', 'Vidovic', 'petra.vidovic@poliklinika.hr', '+38598100020', 'dr. med.', 20, 20, '2012-06-19', '2026-01-01 08:00:00', '2026-01-01 08:00:00'),
('ZAP021', 'Sara', 'Majstorovic', 'sara.majstorovic@poliklinika.hr', '+38598100021', 'dr. med.', 21, 21, '2012-08-03', '2026-01-01 08:00:00', '2026-01-01 08:00:00'),
('ZAP022', 'Iva', 'Cvitanovic', 'iva.cvitanovic@poliklinika.hr', '+38598100022', 'dr. med.', 22, 22, '2012-09-17', '2026-01-01 08:00:00', '2026-01-01 08:00:00'),
('ZAP023', 'Lucija', 'Lukic', 'lucija.lukic@poliklinika.hr', '+38598100023', 'dr. med.', 23, 23, '2012-11-01', '2026-01-01 08:00:00', '2026-01-01 08:00:00'),
('ZAP024', 'Nika', 'Pintaric', 'nika.pintaric@poliklinika.hr', '+38598100024', 'dr. med.', 24, 24, '2012-12-16', '2026-01-01 08:00:00', '2026-01-01 08:00:00'),
('ZAP025', 'Lea', 'Komadina', 'lea.komadina@poliklinika.hr', '+38598100025', 'dr. med.', 25, 25, '2013-01-30', '2026-01-01 08:00:00', '2026-01-01 08:00:00'),
('ZAP026', 'Martina', 'Jurina', 'martina.jurina@poliklinika.hr', '+38598100026', 'dr. med.', 26, 26, '2013-03-16', '2026-01-01 08:00:00', '2026-01-01 08:00:00'),
('ZAP027', 'Katarina', 'Maretic', 'katarina.maretic@poliklinika.hr', '+38598100027', 'dr. med.', 27, 27, '2013-04-30', '2026-01-01 08:00:00', '2026-01-01 08:00:00'),
('ZAP028', 'Marija', 'Bencic', 'marija.bencic@poliklinika.hr', '+38598100028', 'dr. med.', 28, 28, '2013-06-14', '2026-01-01 08:00:00', '2026-01-01 08:00:00'),
('ZAP029', 'Ivana', 'Petrovic', 'ivana.petrovic@poliklinika.hr', '+38598100029', 'dr. med.', 29, 29, '2013-07-29', '2026-01-01 08:00:00', '2026-01-01 08:00:00'),
('ZAP030', 'Tea', 'Skender', 'tea.skender@poliklinika.hr', '+38598100030', 'dr. med.', 30, 30, '2013-09-12', '2026-01-01 08:00:00', '2026-01-01 08:00:00'),
('ZAP031', 'Karla', 'Matos', 'karla.matos@poliklinika.hr', '+38598100031', 'dr. med.', 31, 31, '2013-10-27', '2026-01-01 08:00:00', '2026-01-01 08:00:00'),
('ZAP032', 'Dora', 'Brnasic', 'dora.brnasic@poliklinika.hr', '+38598100032', 'dr. med.', 32, 32, '2013-12-11', '2026-01-01 08:00:00', '2026-01-01 08:00:00'),
('ZAP033', 'Helena', 'Marjanovic', 'helena.marjanovic@poliklinika.hr', '+38598100033', 'dr. med.', 33, 33, '2014-01-25', '2026-01-01 08:00:00', '2026-01-01 08:00:00'),
('ZAP034', 'Paula', 'Stanic', 'paula.stanic@poliklinika.hr', '+38598100034', 'dr. med.', 34, 34, '2014-03-11', '2026-01-01 08:00:00', '2026-01-01 08:00:00'),
('ZAP035', 'Lana', 'Mlinar', 'lana.mlinar@poliklinika.hr', '+38598100035', 'dr. med.', 35, 35, '2014-04-25', '2026-01-01 08:00:00', '2026-01-01 08:00:00'),
('ZAP036', 'Barbara', 'Katic', 'barbara.katic@poliklinika.hr', '+38598100036', 'dr. med.', 36, 36, '2014-06-09', '2026-01-01 08:00:00', '2026-01-01 08:00:00'),
('ZAP037', 'Valentina', 'Horvat', 'valentina.horvat@poliklinika.hr', '+38598100037', 'dr. med.', 37, 37, '2014-07-24', '2026-01-01 08:00:00', '2026-01-01 08:00:00'),
('ZAP038', 'Magdalena', 'Kovacevic', 'magdalena.kovacevic@poliklinika.hr', '+38598100038', 'dr. med.', 38, 38, '2014-09-07', '2026-01-01 08:00:00', '2026-01-01 08:00:00'),
('ZAP039', 'Gabrijela', 'Babic', 'gabrijela.babic@poliklinika.hr', '+38598100039', 'dr. med.', 39, 39, '2014-10-22', '2026-01-01 08:00:00', '2026-01-01 08:00:00'),
('ZAP040', 'Monika', 'Maric', 'monika.maric@poliklinika.hr', '+38598100040', 'dr. med.', 40, 40, '2014-12-06', '2026-01-01 08:00:00', '2026-01-01 08:00:00'),
('ZAP041', 'Nina', 'Juric', 'nina.juric@poliklinika.hr', '+38598100041', 'dr. med.', 41, 41, '2015-01-20', '2026-01-01 08:00:00', '2026-01-01 08:00:00'),
('ZAP042', 'Lorena', 'Vukovic', 'lorena.vukovic@poliklinika.hr', '+38598100042', 'dr. med.', 42, 42, '2015-03-06', '2026-01-01 08:00:00', '2026-01-01 08:00:00'),
('ZAP043', 'Ivan', 'Knezevic', 'ivan.knezevic@poliklinika.hr', '+38598100043', 'dr. med.', 43, 43, '2015-04-20', '2026-01-01 08:00:00', '2026-01-01 08:00:00'),
('ZAP044', 'Marko', 'Pavlovic', 'marko.pavlovic@poliklinika.hr', '+38598100044', 'dr. med.', 44, 44, '2015-06-04', '2026-01-01 08:00:00', '2026-01-01 08:00:00'),
('ZAP045', 'Luka', 'Bozic', 'luka.bozic@poliklinika.hr', '+38598100045', 'dr. med.', 45, 45, '2015-07-19', '2026-01-01 08:00:00', '2026-01-01 08:00:00'),
('ZAP046', 'Petar', 'Novak', 'petar.novak@poliklinika.hr', '+38598100046', 'dr. med.', 46, 46, '2015-09-02', '2026-01-01 08:00:00', '2026-01-01 08:00:00'),
('ZAP047', 'Josip', 'Peric', 'josip.peric@poliklinika.hr', '+38598100047', 'dr. med.', 47, 47, '2015-10-17', '2026-01-01 08:00:00', '2026-01-01 08:00:00'),
('ZAP048', 'Karlo', 'Milic', 'karlo.milic@poliklinika.hr', '+38598100048', 'dr. med.', 48, 48, '2015-12-01', '2026-01-01 08:00:00', '2026-01-01 08:00:00'),
('ZAP049', 'Filip', 'Radic', 'filip.radic@poliklinika.hr', '+38598100049', 'dr. med.', 49, 49, '2016-01-15', '2026-01-01 08:00:00', '2026-01-01 08:00:00'),
('ZAP050', 'Matej', 'Kralj', 'matej.kralj@poliklinika.hr', '+38598100050', 'dr. med.', 50, 50, '2016-02-29', '2026-01-01 08:00:00', '2026-01-01 08:00:00');

INSERT INTO usluga (sifra, naziv, id_odjel, opis, trajanje_pregleda_minute, vrijeme_kreiranja, vrijeme_azuriranja) VALUES
('KONZ-INT-001', 'Specijalistički pregled internista', 1, 'Medicinska usluga: Specijalistički pregled internista', 30, '2026-01-01 08:00:00', '2026-01-01 08:00:00'),
('KONZ-KAR-001', 'Kardiološki pregled', 2, 'Medicinska usluga: Kardiološki pregled', 30, '2026-01-01 08:00:00', '2026-01-01 08:00:00'),
('EKG-001', 'Elektrokardiogram (EKG)', 2, 'Medicinska usluga: Elektrokardiogram (EKG)', 15, '2026-01-01 08:00:00', '2026-01-01 08:00:00'),
('UZV-SRCE-001', 'UZV srca (ehokardiografija)', 2, 'Medicinska usluga: UZV srca (ehokardiografija)', 30, '2026-01-01 08:00:00', '2026-01-01 08:00:00'),
('HOLTER-EKG-001', 'Holter EKG 24h', 2, 'Medicinska usluga: Holter EKG 24h', 20, '2026-01-01 08:00:00', '2026-01-01 08:00:00'),
('KONZ-NEU-001', 'Neuroloski pregled', 3, 'Medicinska usluga: Neuroloski pregled', 30, '2026-01-01 08:00:00', '2026-01-01 08:00:00'),
('EEG-001', 'EEG', 3, 'Medicinska usluga: EEG', 45, '2026-01-01 08:00:00', '2026-01-01 08:00:00'),
('EMNG-001', 'EMNG', 3, 'Medicinska usluga: EMNG', 45, '2026-01-01 08:00:00', '2026-01-01 08:00:00'),
('KONZ-PUL-001', 'Pulmoloski pregled', 4, 'Medicinska usluga: Pulmoloski pregled', 30, '2026-01-01 08:00:00', '2026-01-01 08:00:00'),
('SPIRO-001', 'Spirometrija', 4, 'Medicinska usluga: Spirometrija', 20, '2026-01-01 08:00:00', '2026-01-01 08:00:00'),
('KONZ-GAS-001', 'Gastroenteroloski pregled', 5, 'Medicinska usluga: Gastroenteroloski pregled', 30, '2026-01-01 08:00:00', '2026-01-01 08:00:00'),
('UZV-ABD-001', 'UZV abdomena', 5, 'Medicinska usluga: UZV abdomena', 30, '2026-01-01 08:00:00', '2026-01-01 08:00:00'),
('GASTRO-001', 'Gastroskopija', 5, 'Medicinska usluga: Gastroskopija', 45, '2026-01-01 08:00:00', '2026-01-01 08:00:00'),
('KOLONO-001', 'Kolonoskopija', 5, 'Medicinska usluga: Kolonoskopija', 60, '2026-01-01 08:00:00', '2026-01-01 08:00:00'),
('KONZ-END-001', 'Endokrinoloski pregled', 6, 'Medicinska usluga: Endokrinoloski pregled', 30, '2026-01-01 08:00:00', '2026-01-01 08:00:00'),
('KONZ-NEF-001', 'Nefroloski pregled', 7, 'Medicinska usluga: Nefroloski pregled', 30, '2026-01-01 08:00:00', '2026-01-01 08:00:00'),
('KONZ-DER-001', 'Dermatoloski pregled', 8, 'Medicinska usluga: Dermatoloski pregled', 25, '2026-01-01 08:00:00', '2026-01-01 08:00:00'),
('DERMATO-DS-001', 'Dermatoskopija', 8, 'Medicinska usluga: Dermatoskopija', 20, '2026-01-01 08:00:00', '2026-01-01 08:00:00'),
('KONZ-OFT-001', 'Oftalmoloski pregled', 9, 'Medicinska usluga: Oftalmoloski pregled', 30, '2026-01-01 08:00:00', '2026-01-01 08:00:00'),
('TONO-001', 'Mjerenje ocnog tlaka', 9, 'Medicinska usluga: Mjerenje ocnog tlaka', 10, '2026-01-01 08:00:00', '2026-01-01 08:00:00'),
('OCT-001', 'OCT snimanje oka', 9, 'Medicinska usluga: OCT snimanje oka', 20, '2026-01-01 08:00:00', '2026-01-01 08:00:00'),
('KONZ-ORL-001', 'ORL pregled', 10, 'Medicinska usluga: ORL pregled', 25, '2026-01-01 08:00:00', '2026-01-01 08:00:00'),
('AUD-001', 'Audiometrija', 10, 'Medicinska usluga: Audiometrija', 20, '2026-01-01 08:00:00', '2026-01-01 08:00:00'),
('UZV-STI-001', 'UZV stitnjace', 6, 'Medicinska usluga: UZV stitnjace', 20, '2026-01-01 08:00:00', '2026-01-01 08:00:00'),
('KONZ-ORT-001', 'Ortopedski pregled', 11, 'Medicinska usluga: Ortopedski pregled', 30, '2026-01-01 08:00:00', '2026-01-01 08:00:00'),
('RTG-001', 'RTG snimanje', 19, 'Medicinska usluga: RTG snimanje', 20, '2026-01-01 08:00:00', '2026-01-01 08:00:00'),
('MR-001', 'MR snimanje', 19, 'Medicinska usluga: MR snimanje', 45, '2026-01-01 08:00:00', '2026-01-01 08:00:00'),
('CT-001', 'CT snimanje', 19, 'Medicinska usluga: CT snimanje', 30, '2026-01-01 08:00:00', '2026-01-01 08:00:00'),
('KONZ-FIZ-001', 'Fizijatrijski pregled', 12, 'Medicinska usluga: Fizijatrijski pregled', 30, '2026-01-01 08:00:00', '2026-01-01 08:00:00'),
('KONZ-REU-001', 'Reumatoloski pregled', 13, 'Medicinska usluga: Reumatoloski pregled', 30, '2026-01-01 08:00:00', '2026-01-01 08:00:00'),
('KONZ-URO-001', 'Uroloski pregled', 14, 'Medicinska usluga: Uroloski pregled', 30, '2026-01-01 08:00:00', '2026-01-01 08:00:00'),
('UZV-URO-001', 'UZV urotrakta', 14, 'Medicinska usluga: UZV urotrakta', 20, '2026-01-01 08:00:00', '2026-01-01 08:00:00'),
('PSA-001', 'PSA laboratorijska analiza', 20, 'Medicinska usluga: PSA laboratorijska analiza', 10, '2026-01-01 08:00:00', '2026-01-01 08:00:00'),
('KONZ-GIN-001', 'Ginekoloski pregled', 15, 'Medicinska usluga: Ginekoloski pregled', 30, '2026-01-01 08:00:00', '2026-01-01 08:00:00'),
('PAPA-001', 'Papa test', 15, 'Medicinska usluga: Papa test', 15, '2026-01-01 08:00:00', '2026-01-01 08:00:00'),
('UZV-GIN-001', 'Ginekoloski UZV', 15, 'Medicinska usluga: Ginekoloski UZV', 20, '2026-01-01 08:00:00', '2026-01-01 08:00:00'),
('KONZ-PED-001', 'Pedijatrijski pregled', 16, 'Medicinska usluga: Pedijatrijski pregled', 30, '2026-01-01 08:00:00', '2026-01-01 08:00:00'),
('KKS-001', 'Kompletna krvna slika', 20, 'Medicinska usluga: Kompletna krvna slika', 10, '2026-01-01 08:00:00', '2026-01-01 08:00:00'),
('GLUKOZA-001', 'Glukoza u krvi', 20, 'Medicinska usluga: Glukoza u krvi', 10, '2026-01-01 08:00:00', '2026-01-01 08:00:00'),
('HbA1c-001', 'HbA1c analiza', 20, 'Medicinska usluga: HbA1c analiza', 10, '2026-01-01 08:00:00', '2026-01-01 08:00:00'),
('LIPID-001', 'Lipidogram', 20, 'Medicinska usluga: Lipidogram', 10, '2026-01-01 08:00:00', '2026-01-01 08:00:00'),
('TSH-001', 'TSH analiza', 20, 'Medicinska usluga: TSH analiza', 10, '2026-01-01 08:00:00', '2026-01-01 08:00:00'),
('CRP-001', 'CRP analiza', 20, 'Medicinska usluga: CRP analiza', 10, '2026-01-01 08:00:00', '2026-01-01 08:00:00'),
('D-DIMER-001', 'D-dimer analiza', 20, 'Medicinska usluga: D-dimer analiza', 10, '2026-01-01 08:00:00', '2026-01-01 08:00:00'),
('KONZ-PSI-001', 'Psihijatrijski pregled', 21, 'Medicinska usluga: Psihijatrijski pregled', 45, '2026-01-01 08:00:00', '2026-01-01 08:00:00'),
('PSIHO-TEST-001', 'Psiholosko testiranje', 22, 'Medicinska usluga: Psiholosko testiranje', 60, '2026-01-01 08:00:00', '2026-01-01 08:00:00'),
('NUTRI-001', 'Nutricionisticko savjetovanje', 23, 'Medicinska usluga: Nutricionisticko savjetovanje', 45, '2026-01-01 08:00:00', '2026-01-01 08:00:00'),
('HIT-TRIAZA-001', 'Hitna ambulantna trijaza', 24, 'Medicinska usluga: Hitna ambulantna trijaza', 15, '2026-01-01 08:00:00', '2026-01-01 08:00:00'),
('KONZ-OBM-001', 'Pregled obiteljske medicine', 25, 'Medicinska usluga: Pregled obiteljske medicine', 20, '2026-01-01 08:00:00', '2026-01-01 08:00:00'),
('KONTROLA-001', 'Kontrolni pregled', 1, 'Medicinska usluga: Kontrolni pregled', 20, '2026-01-01 08:00:00', '2026-01-01 08:00:00');

INSERT INTO cijena_usluge (id_usluga, datum_od, datum_do, iznos, valuta, porezna_stopa, napomena, vrijeme_kreiranja, vrijeme_azuriranja) VALUES
(1, '2026-01-01', '9999-12-31', '35.00', 'EUR', '25.00', 'Cjenik 2026', '2026-01-01 08:00:00', '2026-01-01 08:00:00'),
(2, '2026-01-01', '9999-12-31', '45.00', 'EUR', '25.00', 'Cjenik 2026', '2026-01-01 08:00:00', '2026-01-01 08:00:00'),
(3, '2026-01-01', '9999-12-31', '18.00', 'EUR', '25.00', 'Cjenik 2026', '2026-01-01 08:00:00', '2026-01-01 08:00:00'),
(4, '2026-01-01', '9999-12-31', '70.00', 'EUR', '25.00', 'Cjenik 2026', '2026-01-01 08:00:00', '2026-01-01 08:00:00'),
(5, '2026-01-01', '9999-12-31', '85.00', 'EUR', '25.00', 'Cjenik 2026', '2026-01-01 08:00:00', '2026-01-01 08:00:00'),
(6, '2026-01-01', '9999-12-31', '50.00', 'EUR', '25.00', 'Cjenik 2026', '2026-01-01 08:00:00', '2026-01-01 08:00:00'),
(7, '2026-01-01', '9999-12-31', '90.00', 'EUR', '25.00', 'Cjenik 2026', '2026-01-01 08:00:00', '2026-01-01 08:00:00'),
(8, '2026-01-01', '9999-12-31', '120.00', 'EUR', '25.00', 'Cjenik 2026', '2026-01-01 08:00:00', '2026-01-01 08:00:00'),
(9, '2026-01-01', '9999-12-31', '55.00', 'EUR', '25.00', 'Cjenik 2026', '2026-01-01 08:00:00', '2026-01-01 08:00:00'),
(10, '2026-01-01', '9999-12-31', '20.00', 'EUR', '25.00', 'Cjenik 2026', '2026-01-01 08:00:00', '2026-01-01 08:00:00'),
(11, '2026-01-01', '9999-12-31', '50.00', 'EUR', '25.00', 'Cjenik 2026', '2026-01-01 08:00:00', '2026-01-01 08:00:00'),
(12, '2026-01-01', '9999-12-31', '60.00', 'EUR', '25.00', 'Cjenik 2026', '2026-01-01 08:00:00', '2026-01-01 08:00:00'),
(13, '2026-01-01', '9999-12-31', '140.00', 'EUR', '25.00', 'Cjenik 2026', '2026-01-01 08:00:00', '2026-01-01 08:00:00'),
(14, '2026-01-01', '9999-12-31', '180.00', 'EUR', '25.00', 'Cjenik 2026', '2026-01-01 08:00:00', '2026-01-01 08:00:00'),
(15, '2026-01-01', '9999-12-31', '50.00', 'EUR', '25.00', 'Cjenik 2026', '2026-01-01 08:00:00', '2026-01-01 08:00:00'),
(16, '2026-01-01', '9999-12-31', '52.00', 'EUR', '25.00', 'Cjenik 2026', '2026-01-01 08:00:00', '2026-01-01 08:00:00'),
(17, '2026-01-01', '9999-12-31', '45.00', 'EUR', '25.00', 'Cjenik 2026', '2026-01-01 08:00:00', '2026-01-01 08:00:00'),
(18, '2026-01-01', '9999-12-31', '35.00', 'EUR', '25.00', 'Cjenik 2026', '2026-01-01 08:00:00', '2026-01-01 08:00:00'),
(19, '2026-01-01', '9999-12-31', '48.00', 'EUR', '25.00', 'Cjenik 2026', '2026-01-01 08:00:00', '2026-01-01 08:00:00'),
(20, '2026-01-01', '9999-12-31', '15.00', 'EUR', '25.00', 'Cjenik 2026', '2026-01-01 08:00:00', '2026-01-01 08:00:00'),
(21, '2026-01-01', '9999-12-31', '65.00', 'EUR', '25.00', 'Cjenik 2026', '2026-01-01 08:00:00', '2026-01-01 08:00:00'),
(22, '2026-01-01', '9999-12-31', '40.00', 'EUR', '25.00', 'Cjenik 2026', '2026-01-01 08:00:00', '2026-01-01 08:00:00'),
(23, '2026-01-01', '9999-12-31', '30.00', 'EUR', '25.00', 'Cjenik 2026', '2026-01-01 08:00:00', '2026-01-01 08:00:00'),
(24, '2026-01-01', '9999-12-31', '28.00', 'EUR', '25.00', 'Cjenik 2026', '2026-01-01 08:00:00', '2026-01-01 08:00:00'),
(25, '2026-01-01', '9999-12-31', '52.00', 'EUR', '25.00', 'Cjenik 2026', '2026-01-01 08:00:00', '2026-01-01 08:00:00'),
(26, '2026-01-01', '9999-12-31', '25.00', 'EUR', '25.00', 'Cjenik 2026', '2026-01-01 08:00:00', '2026-01-01 08:00:00'),
(27, '2026-01-01', '9999-12-31', '190.00', 'EUR', '25.00', 'Cjenik 2026', '2026-01-01 08:00:00', '2026-01-01 08:00:00'),
(28, '2026-01-01', '9999-12-31', '160.00', 'EUR', '25.00', 'Cjenik 2026', '2026-01-01 08:00:00', '2026-01-01 08:00:00'),
(29, '2026-01-01', '9999-12-31', '42.00', 'EUR', '25.00', 'Cjenik 2026', '2026-01-01 08:00:00', '2026-01-01 08:00:00'),
(30, '2026-01-01', '9999-12-31', '58.00', 'EUR', '25.00', 'Cjenik 2026', '2026-01-01 08:00:00', '2026-01-01 08:00:00'),
(31, '2026-01-01', '9999-12-31', '55.00', 'EUR', '25.00', 'Cjenik 2026', '2026-01-01 08:00:00', '2026-01-01 08:00:00'),
(32, '2026-01-01', '9999-12-31', '45.00', 'EUR', '25.00', 'Cjenik 2026', '2026-01-01 08:00:00', '2026-01-01 08:00:00'),
(33, '2026-01-01', '9999-12-31', '22.00', 'EUR', '25.00', 'Cjenik 2026', '2026-01-01 08:00:00', '2026-01-01 08:00:00'),
(34, '2026-01-01', '9999-12-31', '48.00', 'EUR', '25.00', 'Cjenik 2026', '2026-01-01 08:00:00', '2026-01-01 08:00:00'),
(35, '2026-01-01', '9999-12-31', '22.00', 'EUR', '25.00', 'Cjenik 2026', '2026-01-01 08:00:00', '2026-01-01 08:00:00'),
(36, '2026-01-01', '9999-12-31', '38.00', 'EUR', '25.00', 'Cjenik 2026', '2026-01-01 08:00:00', '2026-01-01 08:00:00'),
(37, '2026-01-01', '9999-12-31', '45.00', 'EUR', '25.00', 'Cjenik 2026', '2026-01-01 08:00:00', '2026-01-01 08:00:00'),
(38, '2026-01-01', '9999-12-31', '12.00', 'EUR', '25.00', 'Cjenik 2026', '2026-01-01 08:00:00', '2026-01-01 08:00:00'),
(39, '2026-01-01', '9999-12-31', '10.00', 'EUR', '25.00', 'Cjenik 2026', '2026-01-01 08:00:00', '2026-01-01 08:00:00'),
(40, '2026-01-01', '9999-12-31', '14.00', 'EUR', '25.00', 'Cjenik 2026', '2026-01-01 08:00:00', '2026-01-01 08:00:00'),
(41, '2026-01-01', '9999-12-31', '24.00', 'EUR', '25.00', 'Cjenik 2026', '2026-01-01 08:00:00', '2026-01-01 08:00:00'),
(42, '2026-01-01', '9999-12-31', '16.00', 'EUR', '25.00', 'Cjenik 2026', '2026-01-01 08:00:00', '2026-01-01 08:00:00'),
(43, '2026-01-01', '9999-12-31', '12.00', 'EUR', '25.00', 'Cjenik 2026', '2026-01-01 08:00:00', '2026-01-01 08:00:00'),
(44, '2026-01-01', '9999-12-31', '18.00', 'EUR', '25.00', 'Cjenik 2026', '2026-01-01 08:00:00', '2026-01-01 08:00:00'),
(45, '2026-01-01', '9999-12-31', '65.00', 'EUR', '25.00', 'Cjenik 2026', '2026-01-01 08:00:00', '2026-01-01 08:00:00'),
(46, '2026-01-01', '9999-12-31', '80.00', 'EUR', '25.00', 'Cjenik 2026', '2026-01-01 08:00:00', '2026-01-01 08:00:00'),
(47, '2026-01-01', '9999-12-31', '35.00', 'EUR', '25.00', 'Cjenik 2026', '2026-01-01 08:00:00', '2026-01-01 08:00:00'),
(48, '2026-01-01', '9999-12-31', '20.00', 'EUR', '25.00', 'Cjenik 2026', '2026-01-01 08:00:00', '2026-01-01 08:00:00'),
(49, '2026-01-01', '9999-12-31', '18.00', 'EUR', '25.00', 'Cjenik 2026', '2026-01-01 08:00:00', '2026-01-01 08:00:00'),
(50, '2026-01-01', '9999-12-31', '30.00', 'EUR', '25.00', 'Cjenik 2026', '2026-01-01 08:00:00', '2026-01-01 08:00:00');

INSERT INTO uputnica (id_pacijent, broj_uputnice, datum_uputnice, opis, vrijeme_kreiranja, vrijeme_azuriranja) VALUES
(1, 'UP-2026-000001', '2026-01-02', 'Uputnica za uslugu: Specijalistički pregled internista', '2026-01-01 08:00:00', '2026-01-01 08:00:00'),
(2, 'UP-2026-000002', '2026-01-03', 'Uputnica za uslugu: Kardiološki pregled', '2026-01-01 08:00:00', '2026-01-01 08:00:00'),
(3, 'UP-2026-000003', '2026-01-04', 'Uputnica za uslugu: Elektrokardiogram (EKG)', '2026-01-01 08:00:00', '2026-01-01 08:00:00'),
(4, 'UP-2026-000004', '2026-01-05', 'Uputnica za uslugu: UZV srca (ehokardiografija)', '2026-01-01 08:00:00', '2026-01-01 08:00:00'),
(5, 'UP-2026-000005', '2026-01-06', 'Uputnica za uslugu: Holter EKG 24h', '2026-01-01 08:00:00', '2026-01-01 08:00:00'),
(6, 'UP-2026-000006', '2026-01-07', 'Uputnica za uslugu: Neuroloski pregled', '2026-01-01 08:00:00', '2026-01-01 08:00:00'),
(7, 'UP-2026-000007', '2026-01-08', 'Uputnica za uslugu: EEG', '2026-01-01 08:00:00', '2026-01-01 08:00:00'),
(8, 'UP-2026-000008', '2026-01-09', 'Uputnica za uslugu: EMNG', '2026-01-01 08:00:00', '2026-01-01 08:00:00'),
(9, 'UP-2026-000009', '2026-01-10', 'Uputnica za uslugu: Pulmoloski pregled', '2026-01-01 08:00:00', '2026-01-01 08:00:00'),
(10, 'UP-2026-000010', '2026-01-11', 'Uputnica za uslugu: Spirometrija', '2026-01-01 08:00:00', '2026-01-01 08:00:00'),
(11, 'UP-2026-000011', '2026-01-12', 'Uputnica za uslugu: Gastroenteroloski pregled', '2026-01-01 08:00:00', '2026-01-01 08:00:00'),
(12, 'UP-2026-000012', '2026-01-13', 'Uputnica za uslugu: UZV abdomena', '2026-01-01 08:00:00', '2026-01-01 08:00:00'),
(13, 'UP-2026-000013', '2026-01-14', 'Uputnica za uslugu: Gastroskopija', '2026-01-01 08:00:00', '2026-01-01 08:00:00'),
(14, 'UP-2026-000014', '2026-01-15', 'Uputnica za uslugu: Kolonoskopija', '2026-01-01 08:00:00', '2026-01-01 08:00:00'),
(15, 'UP-2026-000015', '2026-01-16', 'Uputnica za uslugu: Endokrinoloski pregled', '2026-01-01 08:00:00', '2026-01-01 08:00:00'),
(16, 'UP-2026-000016', '2026-01-17', 'Uputnica za uslugu: Nefroloski pregled', '2026-01-01 08:00:00', '2026-01-01 08:00:00'),
(17, 'UP-2026-000017', '2026-01-18', 'Uputnica za uslugu: Dermatoloski pregled', '2026-01-01 08:00:00', '2026-01-01 08:00:00'),
(18, 'UP-2026-000018', '2026-01-19', 'Uputnica za uslugu: Dermatoskopija', '2026-01-01 08:00:00', '2026-01-01 08:00:00'),
(19, 'UP-2026-000019', '2026-01-20', 'Uputnica za uslugu: Oftalmoloski pregled', '2026-01-01 08:00:00', '2026-01-01 08:00:00'),
(20, 'UP-2026-000020', '2026-01-21', 'Uputnica za uslugu: Mjerenje ocnog tlaka', '2026-01-01 08:00:00', '2026-01-01 08:00:00'),
(21, 'UP-2026-000021', '2026-01-22', 'Uputnica za uslugu: OCT snimanje oka', '2026-01-01 08:00:00', '2026-01-01 08:00:00'),
(22, 'UP-2026-000022', '2026-01-23', 'Uputnica za uslugu: ORL pregled', '2026-01-01 08:00:00', '2026-01-01 08:00:00'),
(23, 'UP-2026-000023', '2026-01-24', 'Uputnica za uslugu: Audiometrija', '2026-01-01 08:00:00', '2026-01-01 08:00:00'),
(24, 'UP-2026-000024', '2026-01-25', 'Uputnica za uslugu: UZV stitnjace', '2026-01-01 08:00:00', '2026-01-01 08:00:00'),
(25, 'UP-2026-000025', '2026-01-26', 'Uputnica za uslugu: Ortopedski pregled', '2026-01-01 08:00:00', '2026-01-01 08:00:00'),
(26, 'UP-2026-000026', '2026-01-27', 'Uputnica za uslugu: RTG snimanje', '2026-01-01 08:00:00', '2026-01-01 08:00:00'),
(27, 'UP-2026-000027', '2026-01-28', 'Uputnica za uslugu: MR snimanje', '2026-01-01 08:00:00', '2026-01-01 08:00:00'),
(28, 'UP-2026-000028', '2026-01-29', 'Uputnica za uslugu: CT snimanje', '2026-01-01 08:00:00', '2026-01-01 08:00:00'),
(29, 'UP-2026-000029', '2026-01-30', 'Uputnica za uslugu: Fizijatrijski pregled', '2026-01-01 08:00:00', '2026-01-01 08:00:00'),
(30, 'UP-2026-000030', '2026-01-31', 'Uputnica za uslugu: Reumatoloski pregled', '2026-01-01 08:00:00', '2026-01-01 08:00:00'),
(31, 'UP-2026-000031', '2026-02-01', 'Uputnica za uslugu: Uroloski pregled', '2026-01-01 08:00:00', '2026-01-01 08:00:00'),
(32, 'UP-2026-000032', '2026-02-02', 'Uputnica za uslugu: UZV urotrakta', '2026-01-01 08:00:00', '2026-01-01 08:00:00'),
(33, 'UP-2026-000033', '2026-02-03', 'Uputnica za uslugu: PSA laboratorijska analiza', '2026-01-01 08:00:00', '2026-01-01 08:00:00'),
(34, 'UP-2026-000034', '2026-02-04', 'Uputnica za uslugu: Ginekoloski pregled', '2026-01-01 08:00:00', '2026-01-01 08:00:00'),
(35, 'UP-2026-000035', '2026-02-05', 'Uputnica za uslugu: Papa test', '2026-01-01 08:00:00', '2026-01-01 08:00:00'),
(36, 'UP-2026-000036', '2026-02-06', 'Uputnica za uslugu: Ginekoloski UZV', '2026-01-01 08:00:00', '2026-01-01 08:00:00'),
(37, 'UP-2026-000037', '2026-02-07', 'Uputnica za uslugu: Pedijatrijski pregled', '2026-01-01 08:00:00', '2026-01-01 08:00:00'),
(38, 'UP-2026-000038', '2026-02-08', 'Uputnica za uslugu: Kompletna krvna slika', '2026-01-01 08:00:00', '2026-01-01 08:00:00'),
(39, 'UP-2026-000039', '2026-02-09', 'Uputnica za uslugu: Glukoza u krvi', '2026-01-01 08:00:00', '2026-01-01 08:00:00'),
(40, 'UP-2026-000040', '2026-02-10', 'Uputnica za uslugu: HbA1c analiza', '2026-01-01 08:00:00', '2026-01-01 08:00:00'),
(41, 'UP-2026-000041', '2026-02-11', 'Uputnica za uslugu: Lipidogram', '2026-01-01 08:00:00', '2026-01-01 08:00:00'),
(42, 'UP-2026-000042', '2026-02-12', 'Uputnica za uslugu: TSH analiza', '2026-01-01 08:00:00', '2026-01-01 08:00:00'),
(43, 'UP-2026-000043', '2026-02-13', 'Uputnica za uslugu: CRP analiza', '2026-01-01 08:00:00', '2026-01-01 08:00:00'),
(44, 'UP-2026-000044', '2026-02-14', 'Uputnica za uslugu: D-dimer analiza', '2026-01-01 08:00:00', '2026-01-01 08:00:00'),
(45, 'UP-2026-000045', '2026-02-15', 'Uputnica za uslugu: Psihijatrijski pregled', '2026-01-01 08:00:00', '2026-01-01 08:00:00'),
(46, 'UP-2026-000046', '2026-02-16', 'Uputnica za uslugu: Psiholosko testiranje', '2026-01-01 08:00:00', '2026-01-01 08:00:00'),
(47, 'UP-2026-000047', '2026-02-17', 'Uputnica za uslugu: Nutricionisticko savjetovanje', '2026-01-01 08:00:00', '2026-01-01 08:00:00'),
(48, 'UP-2026-000048', '2026-02-18', 'Uputnica za uslugu: Hitna ambulantna trijaza', '2026-01-01 08:00:00', '2026-01-01 08:00:00'),
(49, 'UP-2026-000049', '2026-02-19', 'Uputnica za uslugu: Pregled obiteljske medicine', '2026-01-01 08:00:00', '2026-01-01 08:00:00'),
(50, 'UP-2026-000050', '2026-02-20', 'Uputnica za uslugu: Kontrolni pregled', '2026-01-01 08:00:00', '2026-01-01 08:00:00');

INSERT INTO raspored_djelatnika (id_djelatnik, datum, vrijeme_od, vrijeme_do, biljeska, vrijeme_kreiranja, vrijeme_azuriranja) VALUES
(1, '2026-02-02', '07:30:00', '15:30:00', 'Redovna jutarnja smjena', '2026-01-01 08:00:00', '2026-01-01 08:00:00'),
(2, '2026-02-03', '07:30:00', '15:30:00', 'Redovna jutarnja smjena', '2026-01-01 08:00:00', '2026-01-01 08:00:00'),
(3, '2026-02-04', '07:30:00', '15:30:00', 'Redovna jutarnja smjena', '2026-01-01 08:00:00', '2026-01-01 08:00:00'),
(4, '2026-02-05', '07:30:00', '15:30:00', 'Redovna jutarnja smjena', '2026-01-01 08:00:00', '2026-01-01 08:00:00'),
(5, '2026-02-06', '07:30:00', '15:30:00', 'Redovna jutarnja smjena', '2026-01-01 08:00:00', '2026-01-01 08:00:00'),
(6, '2026-02-07', '07:30:00', '15:30:00', 'Redovna jutarnja smjena', '2026-01-01 08:00:00', '2026-01-01 08:00:00'),
(7, '2026-02-08', '07:30:00', '15:30:00', 'Redovna jutarnja smjena', '2026-01-01 08:00:00', '2026-01-01 08:00:00'),
(8, '2026-02-09', '07:30:00', '15:30:00', 'Redovna jutarnja smjena', '2026-01-01 08:00:00', '2026-01-01 08:00:00'),
(9, '2026-02-10', '07:30:00', '15:30:00', 'Redovna jutarnja smjena', '2026-01-01 08:00:00', '2026-01-01 08:00:00'),
(10, '2026-02-11', '07:30:00', '15:30:00', 'Redovna jutarnja smjena', '2026-01-01 08:00:00', '2026-01-01 08:00:00'),
(11, '2026-02-12', '07:30:00', '15:30:00', 'Redovna jutarnja smjena', '2026-01-01 08:00:00', '2026-01-01 08:00:00'),
(12, '2026-02-13', '07:30:00', '15:30:00', 'Redovna jutarnja smjena', '2026-01-01 08:00:00', '2026-01-01 08:00:00'),
(13, '2026-02-14', '07:30:00', '15:30:00', 'Redovna jutarnja smjena', '2026-01-01 08:00:00', '2026-01-01 08:00:00'),
(14, '2026-02-15', '07:30:00', '15:30:00', 'Redovna jutarnja smjena', '2026-01-01 08:00:00', '2026-01-01 08:00:00'),
(15, '2026-02-16', '07:30:00', '15:30:00', 'Redovna jutarnja smjena', '2026-01-01 08:00:00', '2026-01-01 08:00:00'),
(16, '2026-02-17', '07:30:00', '15:30:00', 'Redovna jutarnja smjena', '2026-01-01 08:00:00', '2026-01-01 08:00:00'),
(17, '2026-02-18', '07:30:00', '15:30:00', 'Redovna jutarnja smjena', '2026-01-01 08:00:00', '2026-01-01 08:00:00'),
(18, '2026-02-19', '07:30:00', '15:30:00', 'Redovna jutarnja smjena', '2026-01-01 08:00:00', '2026-01-01 08:00:00'),
(19, '2026-02-20', '07:30:00', '15:30:00', 'Redovna jutarnja smjena', '2026-01-01 08:00:00', '2026-01-01 08:00:00'),
(20, '2026-02-21', '07:30:00', '15:30:00', 'Redovna jutarnja smjena', '2026-01-01 08:00:00', '2026-01-01 08:00:00'),
(21, '2026-02-22', '07:30:00', '15:30:00', 'Redovna jutarnja smjena', '2026-01-01 08:00:00', '2026-01-01 08:00:00'),
(22, '2026-02-23', '07:30:00', '15:30:00', 'Redovna jutarnja smjena', '2026-01-01 08:00:00', '2026-01-01 08:00:00'),
(23, '2026-02-24', '07:30:00', '15:30:00', 'Redovna jutarnja smjena', '2026-01-01 08:00:00', '2026-01-01 08:00:00'),
(24, '2026-02-25', '07:30:00', '15:30:00', 'Redovna jutarnja smjena', '2026-01-01 08:00:00', '2026-01-01 08:00:00'),
(25, '2026-02-26', '07:30:00', '15:30:00', 'Redovna jutarnja smjena', '2026-01-01 08:00:00', '2026-01-01 08:00:00'),
(26, '2026-02-27', '07:30:00', '15:30:00', 'Redovna jutarnja smjena', '2026-01-01 08:00:00', '2026-01-01 08:00:00'),
(27, '2026-02-28', '07:30:00', '15:30:00', 'Redovna jutarnja smjena', '2026-01-01 08:00:00', '2026-01-01 08:00:00'),
(28, '2026-02-01', '07:30:00', '15:30:00', 'Redovna jutarnja smjena', '2026-01-01 08:00:00', '2026-01-01 08:00:00'),
(29, '2026-02-02', '07:30:00', '15:30:00', 'Redovna jutarnja smjena', '2026-01-01 08:00:00', '2026-01-01 08:00:00'),
(30, '2026-02-03', '07:30:00', '15:30:00', 'Redovna jutarnja smjena', '2026-01-01 08:00:00', '2026-01-01 08:00:00'),
(31, '2026-02-04', '07:30:00', '15:30:00', 'Redovna jutarnja smjena', '2026-01-01 08:00:00', '2026-01-01 08:00:00'),
(32, '2026-02-05', '07:30:00', '15:30:00', 'Redovna jutarnja smjena', '2026-01-01 08:00:00', '2026-01-01 08:00:00'),
(33, '2026-02-06', '07:30:00', '15:30:00', 'Redovna jutarnja smjena', '2026-01-01 08:00:00', '2026-01-01 08:00:00'),
(34, '2026-02-07', '07:30:00', '15:30:00', 'Redovna jutarnja smjena', '2026-01-01 08:00:00', '2026-01-01 08:00:00'),
(35, '2026-02-08', '07:30:00', '15:30:00', 'Redovna jutarnja smjena', '2026-01-01 08:00:00', '2026-01-01 08:00:00'),
(36, '2026-02-09', '07:30:00', '15:30:00', 'Redovna jutarnja smjena', '2026-01-01 08:00:00', '2026-01-01 08:00:00'),
(37, '2026-02-10', '07:30:00', '15:30:00', 'Redovna jutarnja smjena', '2026-01-01 08:00:00', '2026-01-01 08:00:00'),
(38, '2026-02-11', '07:30:00', '15:30:00', 'Redovna jutarnja smjena', '2026-01-01 08:00:00', '2026-01-01 08:00:00'),
(39, '2026-02-12', '07:30:00', '15:30:00', 'Redovna jutarnja smjena', '2026-01-01 08:00:00', '2026-01-01 08:00:00'),
(40, '2026-02-13', '07:30:00', '15:30:00', 'Redovna jutarnja smjena', '2026-01-01 08:00:00', '2026-01-01 08:00:00'),
(41, '2026-02-14', '07:30:00', '15:30:00', 'Redovna jutarnja smjena', '2026-01-01 08:00:00', '2026-01-01 08:00:00'),
(42, '2026-02-15', '07:30:00', '15:30:00', 'Redovna jutarnja smjena', '2026-01-01 08:00:00', '2026-01-01 08:00:00'),
(43, '2026-02-16', '07:30:00', '15:30:00', 'Redovna jutarnja smjena', '2026-01-01 08:00:00', '2026-01-01 08:00:00'),
(44, '2026-02-17', '07:30:00', '15:30:00', 'Redovna jutarnja smjena', '2026-01-01 08:00:00', '2026-01-01 08:00:00'),
(45, '2026-02-18', '07:30:00', '15:30:00', 'Redovna jutarnja smjena', '2026-01-01 08:00:00', '2026-01-01 08:00:00'),
(46, '2026-02-19', '07:30:00', '15:30:00', 'Redovna jutarnja smjena', '2026-01-01 08:00:00', '2026-01-01 08:00:00'),
(47, '2026-02-20', '07:30:00', '15:30:00', 'Redovna jutarnja smjena', '2026-01-01 08:00:00', '2026-01-01 08:00:00'),
(48, '2026-02-21', '07:30:00', '15:30:00', 'Redovna jutarnja smjena', '2026-01-01 08:00:00', '2026-01-01 08:00:00'),
(49, '2026-02-22', '07:30:00', '15:30:00', 'Redovna jutarnja smjena', '2026-01-01 08:00:00', '2026-01-01 08:00:00'),
(50, '2026-02-23', '07:30:00', '15:30:00', 'Redovna jutarnja smjena', '2026-01-01 08:00:00', '2026-01-01 08:00:00');

INSERT INTO termin_pacijenta (id_pacijent, id_uputnica, id_zaposlenik, id_usluga, id_ordinacija, status_termina, vrijeme_odrzavanja, procjenjeno_trajanje_pregleda_minute, razlog_dolaska, razlog_otkazivanja, vrijeme_kreiranja, vrijeme_azuriranja) VALUES
(1, 1, 1, 1, 1, 'ZAKAZAN', '2026-03-02 09:30:00', 30, 'Simptomi: Esencijalna (primarna) hipertenzija', '-', '2026-01-01 08:00:00', '2026-01-01 08:00:00'),
(2, 2, 2, 2, 2, 'ZAVRSEN', '2026-03-03 10:00:00', 30, 'Simptomi: Secerna bolest tip 2', '-', '2026-01-01 08:00:00', '2026-01-01 08:00:00'),
(3, 3, 3, 3, 3, 'DOLAZAK', '2026-03-04 11:30:00', 15, 'Simptomi: Astma', '-', '2026-01-01 08:00:00', '2026-01-01 08:00:00'),
(4, 4, 4, 4, 4, 'NEMA_DOLASKA', '2026-03-05 12:00:00', 30, 'Simptomi: Kronična opstruktivna plucna bolest', '-', '2026-01-01 08:00:00', '2026-01-01 08:00:00'),
(5, 5, 5, 5, 5, 'OTKAZAN', '2026-03-06 13:30:00', 20, 'Simptomi: Gastroezofagealna refluksna bolest', 'Pacijent otkazao termin', '2026-01-01 08:00:00', '2026-01-01 08:00:00'),
(6, 6, 6, 6, 6, 'ZAKAZAN', '2026-03-07 14:00:00', 30, 'Simptomi: Hipotireoza', '-', '2026-01-01 08:00:00', '2026-01-01 08:00:00'),
(7, 7, 7, 7, 7, 'ZAVRSEN', '2026-03-08 15:30:00', 45, 'Simptomi: Kronicna bolest bubrega', '-', '2026-01-01 08:00:00', '2026-01-01 08:00:00'),
(8, 8, 8, 8, 8, 'DOLAZAK', '2026-03-09 08:00:00', 45, 'Simptomi: Atopijski dermatitis', '-', '2026-01-01 08:00:00', '2026-01-01 08:00:00'),
(9, 9, 9, 9, 9, 'NEMA_DOLASKA', '2026-03-10 09:30:00', 30, 'Simptomi: Poremecaji refrakcije i akomodacije', '-', '2026-01-01 08:00:00', '2026-01-01 08:00:00'),
(10, 10, 10, 10, 10, 'OTKAZAN', '2026-03-11 10:00:00', 20, 'Simptomi: Konjunktivitis', 'Pacijent otkazao termin', '2026-01-01 08:00:00', '2026-01-01 08:00:00'),
(11, 11, 11, 11, 11, 'ZAKAZAN', '2026-03-12 11:30:00', 30, 'Simptomi: Gonartroza', '-', '2026-01-01 08:00:00', '2026-01-01 08:00:00'),
(12, 12, 12, 12, 12, 'ZAVRSEN', '2026-03-13 12:00:00', 30, 'Simptomi: Dorzalgija', '-', '2026-01-01 08:00:00', '2026-01-01 08:00:00'),
(13, 13, 13, 13, 13, 'DOLAZAK', '2026-03-14 13:30:00', 45, 'Simptomi: Ostali poremecaji mekog tkiva', '-', '2026-01-01 08:00:00', '2026-01-01 08:00:00'),
(14, 14, 14, 14, 14, 'NEMA_DOLASKA', '2026-03-15 14:00:00', 60, 'Simptomi: Benigna hiperplazija prostate', '-', '2026-01-01 08:00:00', '2026-01-01 08:00:00'),
(15, 15, 15, 15, 15, 'OTKAZAN', '2026-03-16 15:30:00', 30, 'Simptomi: Ostali poremecaji mokracnog sustava', 'Pacijent otkazao termin', '2026-01-01 08:00:00', '2026-01-01 08:00:00'),
(16, 16, 16, 16, 16, 'ZAKAZAN', '2026-03-17 08:00:00', 30, 'Simptomi: Ostale upalne bolesti rodnice i stidnice', '-', '2026-01-01 08:00:00', '2026-01-01 08:00:00'),
(17, 17, 17, 17, 17, 'ZAVRSEN', '2026-03-18 09:30:00', 25, 'Simptomi: Nadzor normalne trudnoce', '-', '2026-01-01 08:00:00', '2026-01-01 08:00:00'),
(18, 18, 18, 18, 18, 'DOLAZAK', '2026-03-19 10:00:00', 20, 'Simptomi: Akutna infekcija gornjih disnih putova', '-', '2026-01-01 08:00:00', '2026-01-01 08:00:00'),
(19, 19, 19, 19, 19, 'NEMA_DOLASKA', '2026-03-20 11:30:00', 30, 'Simptomi: Zlocudna novotvorina dojke', '-', '2026-01-01 08:00:00', '2026-01-01 08:00:00'),
(20, 20, 20, 20, 20, 'OTKAZAN', '2026-03-21 12:00:00', 10, 'Simptomi: Zlocudna novotvorina bronha i pluca', 'Pacijent otkazao termin', '2026-01-01 08:00:00', '2026-01-01 08:00:00'),
(21, 21, 21, 21, 21, 'ZAKAZAN', '2026-03-22 13:30:00', 20, 'Simptomi: Ostale anemije', '-', '2026-01-01 08:00:00', '2026-01-01 08:00:00'),
(22, 22, 22, 22, 22, 'ZAVRSEN', '2026-03-23 14:00:00', 25, 'Simptomi: Poremecaji metabolizma lipoproteina', '-', '2026-01-01 08:00:00', '2026-01-01 08:00:00'),
(23, 23, 23, 23, 23, 'DOLAZAK', '2026-03-24 15:30:00', 20, 'Simptomi: Bol u grlu i prsima', '-', '2026-01-01 08:00:00', '2026-01-01 08:00:00'),
(24, 24, 24, 24, 24, 'NEMA_DOLASKA', '2026-03-25 08:00:00', 20, 'Simptomi: Glavobolja', '-', '2026-01-01 08:00:00', '2026-01-01 08:00:00'),
(25, 25, 25, 25, 25, 'OTKAZAN', '2026-03-26 09:30:00', 30, 'Simptomi: Bol u trbuhu i zdjelici', 'Pacijent otkazao termin', '2026-01-01 08:00:00', '2026-01-01 08:00:00'),
(26, 26, 26, 26, 26, 'ZAKAZAN', '2026-03-27 10:00:00', 20, 'Simptomi: Omaglica i ošamucenost', '-', '2026-01-01 08:00:00', '2026-01-01 08:00:00'),
(27, 27, 27, 27, 27, 'ZAVRSEN', '2026-03-28 11:30:00', 45, 'Simptomi: Malaksalost i umor', '-', '2026-01-01 08:00:00', '2026-01-01 08:00:00'),
(28, 28, 28, 28, 28, 'DOLAZAK', '2026-03-29 12:00:00', 30, 'Simptomi: Anksiozni poremecaji', '-', '2026-01-01 08:00:00', '2026-01-01 08:00:00'),
(29, 29, 29, 29, 29, 'NEMA_DOLASKA', '2026-03-30 13:30:00', 30, 'Simptomi: Depresivna epizoda', '-', '2026-01-01 08:00:00', '2026-01-01 08:00:00'),
(30, 30, 30, 30, 30, 'OTKAZAN', '2026-03-31 14:00:00', 30, 'Simptomi: Migrena', 'Pacijent otkazao termin', '2026-01-01 08:00:00', '2026-01-01 08:00:00'),
(31, 31, 31, 31, 31, 'ZAKAZAN', '2026-04-01 15:30:00', 30, 'Simptomi: Epilepsija', '-', '2026-01-01 08:00:00', '2026-01-01 08:00:00'),
(32, 32, 32, 32, 32, 'ZAVRSEN', '2026-04-02 08:00:00', 20, 'Simptomi: Angina pektoris', '-', '2026-01-01 08:00:00', '2026-01-01 08:00:00'),
(33, 33, 33, 33, 33, 'DOLAZAK', '2026-04-03 09:30:00', 10, 'Simptomi: Kronicna ishemijska bolest srca', '-', '2026-01-01 08:00:00', '2026-01-01 08:00:00'),
(34, 34, 34, 34, 34, 'NEMA_DOLASKA', '2026-04-04 10:00:00', 30, 'Simptomi: Fibrilacija i undulacija atrija', '-', '2026-01-01 08:00:00', '2026-01-01 08:00:00'),
(35, 35, 35, 35, 35, 'OTKAZAN', '2026-04-05 11:30:00', 15, 'Simptomi: Zatajenje srca', 'Pacijent otkazao termin', '2026-01-01 08:00:00', '2026-01-01 08:00:00'),
(36, 36, 36, 36, 36, 'ZAKAZAN', '2026-04-06 12:00:00', 20, 'Simptomi: Pretilost', '-', '2026-01-01 08:00:00', '2026-01-01 08:00:00'),
(37, 37, 37, 37, 37, 'ZAVRSEN', '2026-04-07 13:30:00', 30, 'Simptomi: Manjak vitamina D', '-', '2026-01-01 08:00:00', '2026-01-01 08:00:00'),
(38, 38, 38, 38, 38, 'DOLAZAK', '2026-04-08 14:00:00', 10, 'Simptomi: Gastritis i duodenitis', '-', '2026-01-01 08:00:00', '2026-01-01 08:00:00'),
(39, 39, 39, 39, 39, 'NEMA_DOLASKA', '2026-04-09 15:30:00', 10, 'Simptomi: Kolelitijaza', '-', '2026-01-01 08:00:00', '2026-01-01 08:00:00'),
(40, 40, 40, 40, 40, 'OTKAZAN', '2026-04-10 08:00:00', 10, 'Simptomi: Sindrom iritabilnog crijeva', 'Pacijent otkazao termin', '2026-01-01 08:00:00', '2026-01-01 08:00:00'),
(41, 41, 41, 41, 41, 'ZAKAZAN', '2026-04-11 09:30:00', 10, 'Simptomi: Koksartroza', '-', '2026-01-01 08:00:00', '2026-01-01 08:00:00'),
(42, 42, 42, 42, 42, 'ZAVRSEN', '2026-04-12 10:00:00', 10, 'Simptomi: Osteoporoza bez patoloskog prijeloma', '-', '2026-01-01 08:00:00', '2026-01-01 08:00:00'),
(43, 43, 43, 43, 43, 'DOLAZAK', '2026-04-13 11:30:00', 10, 'Simptomi: Seropozitivni reumatoidni artritis', '-', '2026-01-01 08:00:00', '2026-01-01 08:00:00'),
(44, 44, 44, 44, 44, 'NEMA_DOLASKA', '2026-04-14 12:00:00', 10, 'Simptomi: Kasalj', '-', '2026-01-01 08:00:00', '2026-01-01 08:00:00'),
(45, 45, 45, 45, 45, 'OTKAZAN', '2026-04-15 13:30:00', 45, 'Simptomi: Poremecaji disanja', 'Pacijent otkazao termin', '2026-01-01 08:00:00', '2026-01-01 08:00:00'),
(46, 46, 46, 46, 46, 'ZAKAZAN', '2026-04-16 14:00:00', 60, 'Simptomi: Povisena razina glukoze u krvi', '-', '2026-01-01 08:00:00', '2026-01-01 08:00:00'),
(47, 47, 47, 47, 47, 'ZAVRSEN', '2026-04-17 15:30:00', 45, 'Simptomi: Opci lijecnicki pregled', '-', '2026-01-01 08:00:00', '2026-01-01 08:00:00'),
(48, 48, 48, 48, 48, 'DOLAZAK', '2026-04-18 08:00:00', 15, 'Simptomi: Ostali posebni pregledi i ispitivanja', '-', '2026-01-01 08:00:00', '2026-01-01 08:00:00'),
(49, 49, 49, 49, 49, 'NEMA_DOLASKA', '2026-04-19 09:30:00', 20, 'Simptomi: Posebni probirni pregled', '-', '2026-01-01 08:00:00', '2026-01-01 08:00:00'),
(50, 50, 50, 50, 50, 'OTKAZAN', '2026-04-20 10:00:00', 20, 'Simptomi: Osobe koje traze savjete i upute', 'Pacijent otkazao termin', '2026-01-01 08:00:00', '2026-01-01 08:00:00');

INSERT INTO pregled (id_termin_pacijenta, id_zaposlenik_obavljen, status_pregleda, vrijeme_odrzavanja_pregleda, anamneza, zakljucak, vrijeme_kreiranja, vrijeme_azuriranja) VALUES
(1, 1, 'OTVOREN', '2026-03-02 10:00:00', 'Anamneza: tegobe kompatibilne s dijagnozom I10', 'Zakljucak: Esencijalna (primarna) hipertenzija', '2026-01-01 08:00:00', '2026-01-01 08:00:00'),
(2, 2, 'ZAVRSEN', '2026-03-03 11:00:00', 'Anamneza: tegobe kompatibilne s dijagnozom E11', 'Zakljucak: Secerna bolest tip 2', '2026-01-01 08:00:00', '2026-01-01 08:00:00'),
(3, 3, 'STORNO', '2026-03-04 12:00:00', 'Anamneza: tegobe kompatibilne s dijagnozom J45', 'Zakljucak: Astma', '2026-01-01 08:00:00', '2026-01-01 08:00:00'),
(4, 4, 'OTVOREN', '2026-03-05 13:00:00', 'Anamneza: tegobe kompatibilne s dijagnozom J44', 'Zakljucak: Kronična opstruktivna plucna bolest', '2026-01-01 08:00:00', '2026-01-01 08:00:00'),
(5, 5, 'ZAVRSEN', '2026-03-06 14:00:00', 'Anamneza: tegobe kompatibilne s dijagnozom K21', 'Zakljucak: Gastroezofagealna refluksna bolest', '2026-01-01 08:00:00', '2026-01-01 08:00:00'),
(6, 6, 'STORNO', '2026-03-07 15:00:00', 'Anamneza: tegobe kompatibilne s dijagnozom E03', 'Zakljucak: Hipotireoza', '2026-01-01 08:00:00', '2026-01-01 08:00:00'),
(7, 7, 'OTVOREN', '2026-03-08 09:00:00', 'Anamneza: tegobe kompatibilne s dijagnozom N18', 'Zakljucak: Kronicna bolest bubrega', '2026-01-01 08:00:00', '2026-01-01 08:00:00'),
(8, 8, 'ZAVRSEN', '2026-03-09 10:00:00', 'Anamneza: tegobe kompatibilne s dijagnozom L20', 'Zakljucak: Atopijski dermatitis', '2026-01-01 08:00:00', '2026-01-01 08:00:00'),
(9, 9, 'STORNO', '2026-03-10 11:00:00', 'Anamneza: tegobe kompatibilne s dijagnozom H52', 'Zakljucak: Poremecaji refrakcije i akomodacije', '2026-01-01 08:00:00', '2026-01-01 08:00:00'),
(10, 10, 'OTVOREN', '2026-03-11 12:00:00', 'Anamneza: tegobe kompatibilne s dijagnozom H10', 'Zakljucak: Konjunktivitis', '2026-01-01 08:00:00', '2026-01-01 08:00:00'),
(11, 11, 'ZAVRSEN', '2026-03-12 13:00:00', 'Anamneza: tegobe kompatibilne s dijagnozom M17', 'Zakljucak: Gonartroza', '2026-01-01 08:00:00', '2026-01-01 08:00:00'),
(12, 12, 'STORNO', '2026-03-13 14:00:00', 'Anamneza: tegobe kompatibilne s dijagnozom M54', 'Zakljucak: Dorzalgija', '2026-01-01 08:00:00', '2026-01-01 08:00:00'),
(13, 13, 'OTVOREN', '2026-03-14 15:00:00', 'Anamneza: tegobe kompatibilne s dijagnozom M79', 'Zakljucak: Ostali poremecaji mekog tkiva', '2026-01-01 08:00:00', '2026-01-01 08:00:00'),
(14, 14, 'ZAVRSEN', '2026-03-15 09:00:00', 'Anamneza: tegobe kompatibilne s dijagnozom N40', 'Zakljucak: Benigna hiperplazija prostate', '2026-01-01 08:00:00', '2026-01-01 08:00:00'),
(15, 15, 'STORNO', '2026-03-16 10:00:00', 'Anamneza: tegobe kompatibilne s dijagnozom N39', 'Zakljucak: Ostali poremecaji mokracnog sustava', '2026-01-01 08:00:00', '2026-01-01 08:00:00'),
(16, 16, 'OTVOREN', '2026-03-17 11:00:00', 'Anamneza: tegobe kompatibilne s dijagnozom N76', 'Zakljucak: Ostale upalne bolesti rodnice i stidnice', '2026-01-01 08:00:00', '2026-01-01 08:00:00'),
(17, 17, 'ZAVRSEN', '2026-03-18 12:00:00', 'Anamneza: tegobe kompatibilne s dijagnozom Z34', 'Zakljucak: Nadzor normalne trudnoce', '2026-01-01 08:00:00', '2026-01-01 08:00:00'),
(18, 18, 'STORNO', '2026-03-19 13:00:00', 'Anamneza: tegobe kompatibilne s dijagnozom J06', 'Zakljucak: Akutna infekcija gornjih disnih putova', '2026-01-01 08:00:00', '2026-01-01 08:00:00'),
(19, 19, 'OTVOREN', '2026-03-20 14:00:00', 'Anamneza: tegobe kompatibilne s dijagnozom C50', 'Zakljucak: Zlocudna novotvorina dojke', '2026-01-01 08:00:00', '2026-01-01 08:00:00'),
(20, 20, 'ZAVRSEN', '2026-03-21 15:00:00', 'Anamneza: tegobe kompatibilne s dijagnozom C34', 'Zakljucak: Zlocudna novotvorina bronha i pluca', '2026-01-01 08:00:00', '2026-01-01 08:00:00'),
(21, 21, 'STORNO', '2026-03-22 09:00:00', 'Anamneza: tegobe kompatibilne s dijagnozom D64', 'Zakljucak: Ostale anemije', '2026-01-01 08:00:00', '2026-01-01 08:00:00'),
(22, 22, 'OTVOREN', '2026-03-23 10:00:00', 'Anamneza: tegobe kompatibilne s dijagnozom E78', 'Zakljucak: Poremecaji metabolizma lipoproteina', '2026-01-01 08:00:00', '2026-01-01 08:00:00'),
(23, 23, 'ZAVRSEN', '2026-03-24 11:00:00', 'Anamneza: tegobe kompatibilne s dijagnozom R07', 'Zakljucak: Bol u grlu i prsima', '2026-01-01 08:00:00', '2026-01-01 08:00:00'),
(24, 24, 'STORNO', '2026-03-25 12:00:00', 'Anamneza: tegobe kompatibilne s dijagnozom R51', 'Zakljucak: Glavobolja', '2026-01-01 08:00:00', '2026-01-01 08:00:00'),
(25, 25, 'OTVOREN', '2026-03-26 13:00:00', 'Anamneza: tegobe kompatibilne s dijagnozom R10', 'Zakljucak: Bol u trbuhu i zdjelici', '2026-01-01 08:00:00', '2026-01-01 08:00:00'),
(26, 26, 'ZAVRSEN', '2026-03-27 14:00:00', 'Anamneza: tegobe kompatibilne s dijagnozom R42', 'Zakljucak: Omaglica i ošamucenost', '2026-01-01 08:00:00', '2026-01-01 08:00:00'),
(27, 27, 'STORNO', '2026-03-28 15:00:00', 'Anamneza: tegobe kompatibilne s dijagnozom R53', 'Zakljucak: Malaksalost i umor', '2026-01-01 08:00:00', '2026-01-01 08:00:00'),
(28, 28, 'OTVOREN', '2026-03-29 09:00:00', 'Anamneza: tegobe kompatibilne s dijagnozom F41', 'Zakljucak: Anksiozni poremecaji', '2026-01-01 08:00:00', '2026-01-01 08:00:00'),
(29, 29, 'ZAVRSEN', '2026-03-30 10:00:00', 'Anamneza: tegobe kompatibilne s dijagnozom F32', 'Zakljucak: Depresivna epizoda', '2026-01-01 08:00:00', '2026-01-01 08:00:00'),
(30, 30, 'STORNO', '2026-03-31 11:00:00', 'Anamneza: tegobe kompatibilne s dijagnozom G43', 'Zakljucak: Migrena', '2026-01-01 08:00:00', '2026-01-01 08:00:00'),
(31, 31, 'OTVOREN', '2026-04-01 12:00:00', 'Anamneza: tegobe kompatibilne s dijagnozom G40', 'Zakljucak: Epilepsija', '2026-01-01 08:00:00', '2026-01-01 08:00:00'),
(32, 32, 'ZAVRSEN', '2026-04-02 13:00:00', 'Anamneza: tegobe kompatibilne s dijagnozom I20', 'Zakljucak: Angina pektoris', '2026-01-01 08:00:00', '2026-01-01 08:00:00'),
(33, 33, 'STORNO', '2026-04-03 14:00:00', 'Anamneza: tegobe kompatibilne s dijagnozom I25', 'Zakljucak: Kronicna ishemijska bolest srca', '2026-01-01 08:00:00', '2026-01-01 08:00:00'),
(34, 34, 'OTVOREN', '2026-04-04 15:00:00', 'Anamneza: tegobe kompatibilne s dijagnozom I48', 'Zakljucak: Fibrilacija i undulacija atrija', '2026-01-01 08:00:00', '2026-01-01 08:00:00'),
(35, 35, 'ZAVRSEN', '2026-04-05 09:00:00', 'Anamneza: tegobe kompatibilne s dijagnozom I50', 'Zakljucak: Zatajenje srca', '2026-01-01 08:00:00', '2026-01-01 08:00:00'),
(36, 36, 'STORNO', '2026-04-06 10:00:00', 'Anamneza: tegobe kompatibilne s dijagnozom E66', 'Zakljucak: Pretilost', '2026-01-01 08:00:00', '2026-01-01 08:00:00'),
(37, 37, 'OTVOREN', '2026-04-07 11:00:00', 'Anamneza: tegobe kompatibilne s dijagnozom E55', 'Zakljucak: Manjak vitamina D', '2026-01-01 08:00:00', '2026-01-01 08:00:00'),
(38, 38, 'ZAVRSEN', '2026-04-08 12:00:00', 'Anamneza: tegobe kompatibilne s dijagnozom K29', 'Zakljucak: Gastritis i duodenitis', '2026-01-01 08:00:00', '2026-01-01 08:00:00'),
(39, 39, 'STORNO', '2026-04-09 13:00:00', 'Anamneza: tegobe kompatibilne s dijagnozom K80', 'Zakljucak: Kolelitijaza', '2026-01-01 08:00:00', '2026-01-01 08:00:00'),
(40, 40, 'OTVOREN', '2026-04-10 14:00:00', 'Anamneza: tegobe kompatibilne s dijagnozom K58', 'Zakljucak: Sindrom iritabilnog crijeva', '2026-01-01 08:00:00', '2026-01-01 08:00:00'),
(41, 41, 'ZAVRSEN', '2026-04-11 15:00:00', 'Anamneza: tegobe kompatibilne s dijagnozom M16', 'Zakljucak: Koksartroza', '2026-01-01 08:00:00', '2026-01-01 08:00:00'),
(42, 42, 'STORNO', '2026-04-12 09:00:00', 'Anamneza: tegobe kompatibilne s dijagnozom M81', 'Zakljucak: Osteoporoza bez patoloskog prijeloma', '2026-01-01 08:00:00', '2026-01-01 08:00:00'),
(43, 43, 'OTVOREN', '2026-04-13 10:00:00', 'Anamneza: tegobe kompatibilne s dijagnozom M05', 'Zakljucak: Seropozitivni reumatoidni artritis', '2026-01-01 08:00:00', '2026-01-01 08:00:00'),
(44, 44, 'ZAVRSEN', '2026-04-14 11:00:00', 'Anamneza: tegobe kompatibilne s dijagnozom R05', 'Zakljucak: Kasalj', '2026-01-01 08:00:00', '2026-01-01 08:00:00'),
(45, 45, 'STORNO', '2026-04-15 12:00:00', 'Anamneza: tegobe kompatibilne s dijagnozom R06', 'Zakljucak: Poremecaji disanja', '2026-01-01 08:00:00', '2026-01-01 08:00:00'),
(46, 46, 'OTVOREN', '2026-04-16 13:00:00', 'Anamneza: tegobe kompatibilne s dijagnozom R73', 'Zakljucak: Povisena razina glukoze u krvi', '2026-01-01 08:00:00', '2026-01-01 08:00:00'),
(47, 47, 'ZAVRSEN', '2026-04-17 14:00:00', 'Anamneza: tegobe kompatibilne s dijagnozom Z00', 'Zakljucak: Opci lijecnicki pregled', '2026-01-01 08:00:00', '2026-01-01 08:00:00'),
(48, 48, 'STORNO', '2026-04-18 15:00:00', 'Anamneza: tegobe kompatibilne s dijagnozom Z01', 'Zakljucak: Ostali posebni pregledi i ispitivanja', '2026-01-01 08:00:00', '2026-01-01 08:00:00'),
(49, 49, 'OTVOREN', '2026-04-19 09:00:00', 'Anamneza: tegobe kompatibilne s dijagnozom Z13', 'Zakljucak: Posebni probirni pregled', '2026-01-01 08:00:00', '2026-01-01 08:00:00'),
(50, 50, 'ZAVRSEN', '2026-04-20 10:00:00', 'Anamneza: tegobe kompatibilne s dijagnozom Z71', 'Zakljucak: Osobe koje traze savjete i upute', '2026-01-01 08:00:00', '2026-01-01 08:00:00');

INSERT INTO pregled_usluga (id_pregled, id_usluga, kolicina, cijena, popust, porezna_stopa, ukupni_iznos, vrijeme_kreiranja, vrijeme_azuriranja) VALUES
(1, 1, '1.00', '35.00', '0.00', '25.00', '43.75', '2026-01-01 08:00:00', '2026-01-01 08:00:00'),
(2, 2, '1.00', '45.00', '0.00', '25.00', '56.25', '2026-01-01 08:00:00', '2026-01-01 08:00:00'),
(3, 3, '1.00', '18.00', '0.00', '25.00', '22.50', '2026-01-01 08:00:00', '2026-01-01 08:00:00'),
(4, 4, '1.00', '70.00', '0.00', '25.00', '87.50', '2026-01-01 08:00:00', '2026-01-01 08:00:00'),
(5, 5, '1.00', '85.00', '0.00', '25.00', '106.25', '2026-01-01 08:00:00', '2026-01-01 08:00:00'),
(6, 6, '1.00', '50.00', '0.00', '25.00', '62.50', '2026-01-01 08:00:00', '2026-01-01 08:00:00'),
(7, 7, '1.00', '90.00', '10.00', '25.00', '101.25', '2026-01-01 08:00:00', '2026-01-01 08:00:00'),
(8, 8, '1.00', '120.00', '0.00', '25.00', '150.00', '2026-01-01 08:00:00', '2026-01-01 08:00:00'),
(9, 9, '1.00', '55.00', '0.00', '25.00', '68.75', '2026-01-01 08:00:00', '2026-01-01 08:00:00'),
(10, 10, '1.00', '20.00', '0.00', '25.00', '25.00', '2026-01-01 08:00:00', '2026-01-01 08:00:00'),
(11, 11, '1.00', '50.00', '0.00', '25.00', '62.50', '2026-01-01 08:00:00', '2026-01-01 08:00:00'),
(12, 12, '1.00', '60.00', '0.00', '25.00', '75.00', '2026-01-01 08:00:00', '2026-01-01 08:00:00'),
(13, 13, '1.00', '140.00', '0.00', '25.00', '175.00', '2026-01-01 08:00:00', '2026-01-01 08:00:00'),
(14, 14, '1.00', '180.00', '10.00', '25.00', '202.50', '2026-01-01 08:00:00', '2026-01-01 08:00:00'),
(15, 15, '1.00', '50.00', '0.00', '25.00', '62.50', '2026-01-01 08:00:00', '2026-01-01 08:00:00'),
(16, 16, '1.00', '52.00', '0.00', '25.00', '65.00', '2026-01-01 08:00:00', '2026-01-01 08:00:00'),
(17, 17, '1.00', '45.00', '0.00', '25.00', '56.25', '2026-01-01 08:00:00', '2026-01-01 08:00:00'),
(18, 18, '1.00', '35.00', '0.00', '25.00', '43.75', '2026-01-01 08:00:00', '2026-01-01 08:00:00'),
(19, 19, '1.00', '48.00', '0.00', '25.00', '60.00', '2026-01-01 08:00:00', '2026-01-01 08:00:00'),
(20, 20, '1.00', '15.00', '0.00', '25.00', '18.75', '2026-01-01 08:00:00', '2026-01-01 08:00:00'),
(21, 21, '1.00', '65.00', '10.00', '25.00', '73.12', '2026-01-01 08:00:00', '2026-01-01 08:00:00'),
(22, 22, '1.00', '40.00', '0.00', '25.00', '50.00', '2026-01-01 08:00:00', '2026-01-01 08:00:00'),
(23, 23, '1.00', '30.00', '0.00', '25.00', '37.50', '2026-01-01 08:00:00', '2026-01-01 08:00:00'),
(24, 24, '1.00', '28.00', '0.00', '25.00', '35.00', '2026-01-01 08:00:00', '2026-01-01 08:00:00'),
(25, 25, '1.00', '52.00', '0.00', '25.00', '65.00', '2026-01-01 08:00:00', '2026-01-01 08:00:00'),
(26, 26, '1.00', '25.00', '0.00', '25.00', '31.25', '2026-01-01 08:00:00', '2026-01-01 08:00:00'),
(27, 27, '1.00', '190.00', '0.00', '25.00', '237.50', '2026-01-01 08:00:00', '2026-01-01 08:00:00'),
(28, 28, '1.00', '160.00', '10.00', '25.00', '180.00', '2026-01-01 08:00:00', '2026-01-01 08:00:00'),
(29, 29, '1.00', '42.00', '0.00', '25.00', '52.50', '2026-01-01 08:00:00', '2026-01-01 08:00:00'),
(30, 30, '1.00', '58.00', '0.00', '25.00', '72.50', '2026-01-01 08:00:00', '2026-01-01 08:00:00'),
(31, 31, '1.00', '55.00', '0.00', '25.00', '68.75', '2026-01-01 08:00:00', '2026-01-01 08:00:00'),
(32, 32, '1.00', '45.00', '0.00', '25.00', '56.25', '2026-01-01 08:00:00', '2026-01-01 08:00:00'),
(33, 33, '1.00', '22.00', '0.00', '25.00', '27.50', '2026-01-01 08:00:00', '2026-01-01 08:00:00'),
(34, 34, '1.00', '48.00', '0.00', '25.00', '60.00', '2026-01-01 08:00:00', '2026-01-01 08:00:00'),
(35, 35, '1.00', '22.00', '10.00', '25.00', '24.75', '2026-01-01 08:00:00', '2026-01-01 08:00:00'),
(36, 36, '1.00', '38.00', '0.00', '25.00', '47.50', '2026-01-01 08:00:00', '2026-01-01 08:00:00'),
(37, 37, '1.00', '45.00', '0.00', '25.00', '56.25', '2026-01-01 08:00:00', '2026-01-01 08:00:00'),
(38, 38, '1.00', '12.00', '0.00', '25.00', '15.00', '2026-01-01 08:00:00', '2026-01-01 08:00:00'),
(39, 39, '1.00', '10.00', '0.00', '25.00', '12.50', '2026-01-01 08:00:00', '2026-01-01 08:00:00'),
(40, 40, '1.00', '14.00', '0.00', '25.00', '17.50', '2026-01-01 08:00:00', '2026-01-01 08:00:00'),
(41, 41, '1.00', '24.00', '0.00', '25.00', '30.00', '2026-01-01 08:00:00', '2026-01-01 08:00:00'),
(42, 42, '1.00', '16.00', '10.00', '25.00', '18.00', '2026-01-01 08:00:00', '2026-01-01 08:00:00'),
(43, 43, '1.00', '12.00', '0.00', '25.00', '15.00', '2026-01-01 08:00:00', '2026-01-01 08:00:00'),
(44, 44, '1.00', '18.00', '0.00', '25.00', '22.50', '2026-01-01 08:00:00', '2026-01-01 08:00:00'),
(45, 45, '1.00', '65.00', '0.00', '25.00', '81.25', '2026-01-01 08:00:00', '2026-01-01 08:00:00'),
(46, 46, '1.00', '80.00', '0.00', '25.00', '100.00', '2026-01-01 08:00:00', '2026-01-01 08:00:00'),
(47, 47, '1.00', '35.00', '0.00', '25.00', '43.75', '2026-01-01 08:00:00', '2026-01-01 08:00:00'),
(48, 48, '1.00', '20.00', '0.00', '25.00', '25.00', '2026-01-01 08:00:00', '2026-01-01 08:00:00'),
(49, 49, '1.00', '18.00', '10.00', '25.00', '20.25', '2026-01-01 08:00:00', '2026-01-01 08:00:00'),
(50, 50, '1.00', '30.00', '0.00', '25.00', '37.50', '2026-01-01 08:00:00', '2026-01-01 08:00:00');

INSERT INTO dijagnoza (sifra, naziv, opis, vrijeme_kreiranja, vrijeme_azuriranja) VALUES
('I10', 'Esencijalna (primarna) hipertenzija', 'ICD-10 dijagnoza I10', '2026-01-01 08:00:00', '2026-01-01 08:00:00'),
('E11', 'Secerna bolest tip 2', 'ICD-10 dijagnoza E11', '2026-01-01 08:00:00', '2026-01-01 08:00:00'),
('J45', 'Astma', 'ICD-10 dijagnoza J45', '2026-01-01 08:00:00', '2026-01-01 08:00:00'),
('J44', 'Kronična opstruktivna plucna bolest', 'ICD-10 dijagnoza J44', '2026-01-01 08:00:00', '2026-01-01 08:00:00'),
('K21', 'Gastroezofagealna refluksna bolest', 'ICD-10 dijagnoza K21', '2026-01-01 08:00:00', '2026-01-01 08:00:00'),
('E03', 'Hipotireoza', 'ICD-10 dijagnoza E03', '2026-01-01 08:00:00', '2026-01-01 08:00:00'),
('N18', 'Kronicna bolest bubrega', 'ICD-10 dijagnoza N18', '2026-01-01 08:00:00', '2026-01-01 08:00:00'),
('L20', 'Atopijski dermatitis', 'ICD-10 dijagnoza L20', '2026-01-01 08:00:00', '2026-01-01 08:00:00'),
('H52', 'Poremecaji refrakcije i akomodacije', 'ICD-10 dijagnoza H52', '2026-01-01 08:00:00', '2026-01-01 08:00:00'),
('H10', 'Konjunktivitis', 'ICD-10 dijagnoza H10', '2026-01-01 08:00:00', '2026-01-01 08:00:00'),
('M17', 'Gonartroza', 'ICD-10 dijagnoza M17', '2026-01-01 08:00:00', '2026-01-01 08:00:00'),
('M54', 'Dorzalgija', 'ICD-10 dijagnoza M54', '2026-01-01 08:00:00', '2026-01-01 08:00:00'),
('M79', 'Ostali poremecaji mekog tkiva', 'ICD-10 dijagnoza M79', '2026-01-01 08:00:00', '2026-01-01 08:00:00'),
('N40', 'Benigna hiperplazija prostate', 'ICD-10 dijagnoza N40', '2026-01-01 08:00:00', '2026-01-01 08:00:00'),
('N39', 'Ostali poremecaji mokracnog sustava', 'ICD-10 dijagnoza N39', '2026-01-01 08:00:00', '2026-01-01 08:00:00'),
('N76', 'Ostale upalne bolesti rodnice i stidnice', 'ICD-10 dijagnoza N76', '2026-01-01 08:00:00', '2026-01-01 08:00:00'),
('Z34', 'Nadzor normalne trudnoce', 'ICD-10 dijagnoza Z34', '2026-01-01 08:00:00', '2026-01-01 08:00:00'),
('J06', 'Akutna infekcija gornjih disnih putova', 'ICD-10 dijagnoza J06', '2026-01-01 08:00:00', '2026-01-01 08:00:00'),
('C50', 'Zlocudna novotvorina dojke', 'ICD-10 dijagnoza C50', '2026-01-01 08:00:00', '2026-01-01 08:00:00'),
('C34', 'Zlocudna novotvorina bronha i pluca', 'ICD-10 dijagnoza C34', '2026-01-01 08:00:00', '2026-01-01 08:00:00'),
('D64', 'Ostale anemije', 'ICD-10 dijagnoza D64', '2026-01-01 08:00:00', '2026-01-01 08:00:00'),
('E78', 'Poremecaji metabolizma lipoproteina', 'ICD-10 dijagnoza E78', '2026-01-01 08:00:00', '2026-01-01 08:00:00'),
('R07', 'Bol u grlu i prsima', 'ICD-10 dijagnoza R07', '2026-01-01 08:00:00', '2026-01-01 08:00:00'),
('R51', 'Glavobolja', 'ICD-10 dijagnoza R51', '2026-01-01 08:00:00', '2026-01-01 08:00:00'),
('R10', 'Bol u trbuhu i zdjelici', 'ICD-10 dijagnoza R10', '2026-01-01 08:00:00', '2026-01-01 08:00:00'),
('R42', 'Omaglica i ošamucenost', 'ICD-10 dijagnoza R42', '2026-01-01 08:00:00', '2026-01-01 08:00:00'),
('R53', 'Malaksalost i umor', 'ICD-10 dijagnoza R53', '2026-01-01 08:00:00', '2026-01-01 08:00:00'),
('F41', 'Anksiozni poremecaji', 'ICD-10 dijagnoza F41', '2026-01-01 08:00:00', '2026-01-01 08:00:00'),
('F32', 'Depresivna epizoda', 'ICD-10 dijagnoza F32', '2026-01-01 08:00:00', '2026-01-01 08:00:00'),
('G43', 'Migrena', 'ICD-10 dijagnoza G43', '2026-01-01 08:00:00', '2026-01-01 08:00:00'),
('G40', 'Epilepsija', 'ICD-10 dijagnoza G40', '2026-01-01 08:00:00', '2026-01-01 08:00:00'),
('I20', 'Angina pektoris', 'ICD-10 dijagnoza I20', '2026-01-01 08:00:00', '2026-01-01 08:00:00'),
('I25', 'Kronicna ishemijska bolest srca', 'ICD-10 dijagnoza I25', '2026-01-01 08:00:00', '2026-01-01 08:00:00'),
('I48', 'Fibrilacija i undulacija atrija', 'ICD-10 dijagnoza I48', '2026-01-01 08:00:00', '2026-01-01 08:00:00'),
('I50', 'Zatajenje srca', 'ICD-10 dijagnoza I50', '2026-01-01 08:00:00', '2026-01-01 08:00:00'),
('E66', 'Pretilost', 'ICD-10 dijagnoza E66', '2026-01-01 08:00:00', '2026-01-01 08:00:00'),
('E55', 'Manjak vitamina D', 'ICD-10 dijagnoza E55', '2026-01-01 08:00:00', '2026-01-01 08:00:00'),
('K29', 'Gastritis i duodenitis', 'ICD-10 dijagnoza K29', '2026-01-01 08:00:00', '2026-01-01 08:00:00'),
('K80', 'Kolelitijaza', 'ICD-10 dijagnoza K80', '2026-01-01 08:00:00', '2026-01-01 08:00:00'),
('K58', 'Sindrom iritabilnog crijeva', 'ICD-10 dijagnoza K58', '2026-01-01 08:00:00', '2026-01-01 08:00:00'),
('M16', 'Koksartroza', 'ICD-10 dijagnoza M16', '2026-01-01 08:00:00', '2026-01-01 08:00:00'),
('M81', 'Osteoporoza bez patoloskog prijeloma', 'ICD-10 dijagnoza M81', '2026-01-01 08:00:00', '2026-01-01 08:00:00'),
('M05', 'Seropozitivni reumatoidni artritis', 'ICD-10 dijagnoza M05', '2026-01-01 08:00:00', '2026-01-01 08:00:00'),
('R05', 'Kasalj', 'ICD-10 dijagnoza R05', '2026-01-01 08:00:00', '2026-01-01 08:00:00'),
('R06', 'Poremecaji disanja', 'ICD-10 dijagnoza R06', '2026-01-01 08:00:00', '2026-01-01 08:00:00'),
('R73', 'Povisena razina glukoze u krvi', 'ICD-10 dijagnoza R73', '2026-01-01 08:00:00', '2026-01-01 08:00:00'),
('Z00', 'Opci lijecnicki pregled', 'ICD-10 dijagnoza Z00', '2026-01-01 08:00:00', '2026-01-01 08:00:00'),
('Z01', 'Ostali posebni pregledi i ispitivanja', 'ICD-10 dijagnoza Z01', '2026-01-01 08:00:00', '2026-01-01 08:00:00'),
('Z13', 'Posebni probirni pregled', 'ICD-10 dijagnoza Z13', '2026-01-01 08:00:00', '2026-01-01 08:00:00'),
('Z71', 'Osobe koje traze savjete i upute', 'ICD-10 dijagnoza Z71', '2026-01-01 08:00:00', '2026-01-01 08:00:00');

INSERT INTO pregled_dijagnoza (id_pregled, id_dijagnoza, primarna_oznaka, vrijeme_kreiranja, vrijeme_azuriranja) VALUES
(1, 1, b'1', '2026-01-01 08:00:00', '2026-01-01 08:00:00'),
(2, 2, b'0', '2026-01-01 08:00:00', '2026-01-01 08:00:00'),
(3, 3, b'1', '2026-01-01 08:00:00', '2026-01-01 08:00:00'),
(4, 4, b'0', '2026-01-01 08:00:00', '2026-01-01 08:00:00'),
(5, 5, b'1', '2026-01-01 08:00:00', '2026-01-01 08:00:00'),
(6, 6, b'0', '2026-01-01 08:00:00', '2026-01-01 08:00:00'),
(7, 7, b'1', '2026-01-01 08:00:00', '2026-01-01 08:00:00'),
(8, 8, b'0', '2026-01-01 08:00:00', '2026-01-01 08:00:00'),
(9, 9, b'1', '2026-01-01 08:00:00', '2026-01-01 08:00:00'),
(10, 10, b'0', '2026-01-01 08:00:00', '2026-01-01 08:00:00'),
(11, 11, b'1', '2026-01-01 08:00:00', '2026-01-01 08:00:00'),
(12, 12, b'0', '2026-01-01 08:00:00', '2026-01-01 08:00:00'),
(13, 13, b'1', '2026-01-01 08:00:00', '2026-01-01 08:00:00'),
(14, 14, b'0', '2026-01-01 08:00:00', '2026-01-01 08:00:00'),
(15, 15, b'1', '2026-01-01 08:00:00', '2026-01-01 08:00:00'),
(16, 16, b'0', '2026-01-01 08:00:00', '2026-01-01 08:00:00'),
(17, 17, b'1', '2026-01-01 08:00:00', '2026-01-01 08:00:00'),
(18, 18, b'0', '2026-01-01 08:00:00', '2026-01-01 08:00:00'),
(19, 19, b'1', '2026-01-01 08:00:00', '2026-01-01 08:00:00'),
(20, 20, b'0', '2026-01-01 08:00:00', '2026-01-01 08:00:00'),
(21, 21, b'1', '2026-01-01 08:00:00', '2026-01-01 08:00:00'),
(22, 22, b'0', '2026-01-01 08:00:00', '2026-01-01 08:00:00'),
(23, 23, b'1', '2026-01-01 08:00:00', '2026-01-01 08:00:00'),
(24, 24, b'0', '2026-01-01 08:00:00', '2026-01-01 08:00:00'),
(25, 25, b'1', '2026-01-01 08:00:00', '2026-01-01 08:00:00'),
(26, 26, b'0', '2026-01-01 08:00:00', '2026-01-01 08:00:00'),
(27, 27, b'1', '2026-01-01 08:00:00', '2026-01-01 08:00:00'),
(28, 28, b'0', '2026-01-01 08:00:00', '2026-01-01 08:00:00'),
(29, 29, b'1', '2026-01-01 08:00:00', '2026-01-01 08:00:00'),
(30, 30, b'0', '2026-01-01 08:00:00', '2026-01-01 08:00:00'),
(31, 31, b'1', '2026-01-01 08:00:00', '2026-01-01 08:00:00'),
(32, 32, b'0', '2026-01-01 08:00:00', '2026-01-01 08:00:00'),
(33, 33, b'1', '2026-01-01 08:00:00', '2026-01-01 08:00:00'),
(34, 34, b'0', '2026-01-01 08:00:00', '2026-01-01 08:00:00'),
(35, 35, b'1', '2026-01-01 08:00:00', '2026-01-01 08:00:00'),
(36, 36, b'0', '2026-01-01 08:00:00', '2026-01-01 08:00:00'),
(37, 37, b'1', '2026-01-01 08:00:00', '2026-01-01 08:00:00'),
(38, 38, b'0', '2026-01-01 08:00:00', '2026-01-01 08:00:00'),
(39, 39, b'1', '2026-01-01 08:00:00', '2026-01-01 08:00:00'),
(40, 40, b'0', '2026-01-01 08:00:00', '2026-01-01 08:00:00'),
(41, 41, b'1', '2026-01-01 08:00:00', '2026-01-01 08:00:00'),
(42, 42, b'0', '2026-01-01 08:00:00', '2026-01-01 08:00:00'),
(43, 43, b'1', '2026-01-01 08:00:00', '2026-01-01 08:00:00'),
(44, 44, b'0', '2026-01-01 08:00:00', '2026-01-01 08:00:00'),
(45, 45, b'1', '2026-01-01 08:00:00', '2026-01-01 08:00:00'),
(46, 46, b'0', '2026-01-01 08:00:00', '2026-01-01 08:00:00'),
(47, 47, b'1', '2026-01-01 08:00:00', '2026-01-01 08:00:00'),
(48, 48, b'0', '2026-01-01 08:00:00', '2026-01-01 08:00:00'),
(49, 49, b'1', '2026-01-01 08:00:00', '2026-01-01 08:00:00'),
(50, 50, b'0', '2026-01-01 08:00:00', '2026-01-01 08:00:00');

INSERT INTO tip_nalaza (sifra, naziv, opis, vrijeme_kreiranja, vrijeme_azuriranja) VALUES
('LAB001', 'LAB nalaz', 'Tip nalaza: LAB', '2026-01-01 08:00:00', '2026-01-01 08:00:00'),
('RAD002', 'RAD nalaz', 'Tip nalaza: RAD', '2026-01-01 08:00:00', '2026-01-01 08:00:00'),
('KARD003', 'KARD nalaz', 'Tip nalaza: KARD', '2026-01-01 08:00:00', '2026-01-01 08:00:00'),
('NEU004', 'NEU nalaz', 'Tip nalaza: NEU', '2026-01-01 08:00:00', '2026-01-01 08:00:00'),
('PATO005', 'PATO nalaz', 'Tip nalaza: PATO', '2026-01-01 08:00:00', '2026-01-01 08:00:00'),
('MIKRO006', 'MIKRO nalaz', 'Tip nalaza: MIKRO', '2026-01-01 08:00:00', '2026-01-01 08:00:00'),
('CITO007', 'CITO nalaz', 'Tip nalaza: CITO', '2026-01-01 08:00:00', '2026-01-01 08:00:00'),
('UZV008', 'UZV nalaz', 'Tip nalaza: UZV', '2026-01-01 08:00:00', '2026-01-01 08:00:00'),
('CT009', 'CT nalaz', 'Tip nalaza: CT', '2026-01-01 08:00:00', '2026-01-01 08:00:00'),
('MR010', 'MR nalaz', 'Tip nalaza: MR', '2026-01-01 08:00:00', '2026-01-01 08:00:00'),
('LAB011', 'LAB nalaz', 'Tip nalaza: LAB', '2026-01-01 08:00:00', '2026-01-01 08:00:00'),
('RAD012', 'RAD nalaz', 'Tip nalaza: RAD', '2026-01-01 08:00:00', '2026-01-01 08:00:00'),
('KARD013', 'KARD nalaz', 'Tip nalaza: KARD', '2026-01-01 08:00:00', '2026-01-01 08:00:00'),
('NEU014', 'NEU nalaz', 'Tip nalaza: NEU', '2026-01-01 08:00:00', '2026-01-01 08:00:00'),
('PATO015', 'PATO nalaz', 'Tip nalaza: PATO', '2026-01-01 08:00:00', '2026-01-01 08:00:00'),
('MIKRO016', 'MIKRO nalaz', 'Tip nalaza: MIKRO', '2026-01-01 08:00:00', '2026-01-01 08:00:00'),
('CITO017', 'CITO nalaz', 'Tip nalaza: CITO', '2026-01-01 08:00:00', '2026-01-01 08:00:00'),
('UZV018', 'UZV nalaz', 'Tip nalaza: UZV', '2026-01-01 08:00:00', '2026-01-01 08:00:00'),
('CT019', 'CT nalaz', 'Tip nalaza: CT', '2026-01-01 08:00:00', '2026-01-01 08:00:00'),
('MR020', 'MR nalaz', 'Tip nalaza: MR', '2026-01-01 08:00:00', '2026-01-01 08:00:00'),
('LAB021', 'LAB nalaz', 'Tip nalaza: LAB', '2026-01-01 08:00:00', '2026-01-01 08:00:00'),
('RAD022', 'RAD nalaz', 'Tip nalaza: RAD', '2026-01-01 08:00:00', '2026-01-01 08:00:00'),
('KARD023', 'KARD nalaz', 'Tip nalaza: KARD', '2026-01-01 08:00:00', '2026-01-01 08:00:00'),
('NEU024', 'NEU nalaz', 'Tip nalaza: NEU', '2026-01-01 08:00:00', '2026-01-01 08:00:00'),
('PATO025', 'PATO nalaz', 'Tip nalaza: PATO', '2026-01-01 08:00:00', '2026-01-01 08:00:00'),
('MIKRO026', 'MIKRO nalaz', 'Tip nalaza: MIKRO', '2026-01-01 08:00:00', '2026-01-01 08:00:00'),
('CITO027', 'CITO nalaz', 'Tip nalaza: CITO', '2026-01-01 08:00:00', '2026-01-01 08:00:00'),
('UZV028', 'UZV nalaz', 'Tip nalaza: UZV', '2026-01-01 08:00:00', '2026-01-01 08:00:00'),
('CT029', 'CT nalaz', 'Tip nalaza: CT', '2026-01-01 08:00:00', '2026-01-01 08:00:00'),
('MR030', 'MR nalaz', 'Tip nalaza: MR', '2026-01-01 08:00:00', '2026-01-01 08:00:00'),
('LAB031', 'LAB nalaz', 'Tip nalaza: LAB', '2026-01-01 08:00:00', '2026-01-01 08:00:00'),
('RAD032', 'RAD nalaz', 'Tip nalaza: RAD', '2026-01-01 08:00:00', '2026-01-01 08:00:00'),
('KARD033', 'KARD nalaz', 'Tip nalaza: KARD', '2026-01-01 08:00:00', '2026-01-01 08:00:00'),
('NEU034', 'NEU nalaz', 'Tip nalaza: NEU', '2026-01-01 08:00:00', '2026-01-01 08:00:00'),
('PATO035', 'PATO nalaz', 'Tip nalaza: PATO', '2026-01-01 08:00:00', '2026-01-01 08:00:00'),
('MIKRO036', 'MIKRO nalaz', 'Tip nalaza: MIKRO', '2026-01-01 08:00:00', '2026-01-01 08:00:00'),
('CITO037', 'CITO nalaz', 'Tip nalaza: CITO', '2026-01-01 08:00:00', '2026-01-01 08:00:00'),
('UZV038', 'UZV nalaz', 'Tip nalaza: UZV', '2026-01-01 08:00:00', '2026-01-01 08:00:00'),
('CT039', 'CT nalaz', 'Tip nalaza: CT', '2026-01-01 08:00:00', '2026-01-01 08:00:00'),
('MR040', 'MR nalaz', 'Tip nalaza: MR', '2026-01-01 08:00:00', '2026-01-01 08:00:00'),
('LAB041', 'LAB nalaz', 'Tip nalaza: LAB', '2026-01-01 08:00:00', '2026-01-01 08:00:00'),
('RAD042', 'RAD nalaz', 'Tip nalaza: RAD', '2026-01-01 08:00:00', '2026-01-01 08:00:00'),
('KARD043', 'KARD nalaz', 'Tip nalaza: KARD', '2026-01-01 08:00:00', '2026-01-01 08:00:00'),
('NEU044', 'NEU nalaz', 'Tip nalaza: NEU', '2026-01-01 08:00:00', '2026-01-01 08:00:00'),
('PATO045', 'PATO nalaz', 'Tip nalaza: PATO', '2026-01-01 08:00:00', '2026-01-01 08:00:00'),
('MIKRO046', 'MIKRO nalaz', 'Tip nalaza: MIKRO', '2026-01-01 08:00:00', '2026-01-01 08:00:00'),
('CITO047', 'CITO nalaz', 'Tip nalaza: CITO', '2026-01-01 08:00:00', '2026-01-01 08:00:00'),
('UZV048', 'UZV nalaz', 'Tip nalaza: UZV', '2026-01-01 08:00:00', '2026-01-01 08:00:00'),
('CT049', 'CT nalaz', 'Tip nalaza: CT', '2026-01-01 08:00:00', '2026-01-01 08:00:00'),
('MR050', 'MR nalaz', 'Tip nalaza: MR', '2026-01-01 08:00:00', '2026-01-01 08:00:00');

INSERT INTO nalaz (id_pregled, id_pacijent, id_zaposlenik, id_tip_nalaza, status_nalaza, izdano_u, sazetak, napomena, vrijeme_kreiranja, vrijeme_azuriranja) VALUES
(1, NULL, NULL, 1, 'NACRT', '2026-03-06 12:00:00', 'Nalaz za Esencijalna (primarna) hipertenzija', 'Kontrolni nalaz 1', '2026-01-01 08:00:00', '2026-01-01 08:00:00'),
(2, NULL, NULL, 2, 'UPISAN', '2026-03-07 12:00:00', 'Nalaz za Secerna bolest tip 2', 'Kontrolni nalaz 2', '2026-01-01 08:00:00', '2026-01-01 08:00:00'),
(3, NULL, NULL, 3, 'VERIFIKACIJA', '2026-03-08 12:00:00', 'Nalaz za Astma', 'Kontrolni nalaz 3', '2026-01-01 08:00:00', '2026-01-01 08:00:00'),
(4, NULL, NULL, 4, 'IZDAN', '2026-03-09 12:00:00', 'Nalaz za Kronična opstruktivna plucna bolest', 'Kontrolni nalaz 4', '2026-01-01 08:00:00', '2026-01-01 08:00:00'),
(5, NULL, NULL, 5, 'STORNO', '2026-03-10 12:00:00', 'Nalaz za Gastroezofagealna refluksna bolest', 'Kontrolni nalaz 5', '2026-01-01 08:00:00', '2026-01-01 08:00:00'),
(6, NULL, NULL, 6, 'NACRT', '2026-03-11 12:00:00', 'Nalaz za Hipotireoza', 'Kontrolni nalaz 6', '2026-01-01 08:00:00', '2026-01-01 08:00:00'),
(7, NULL, NULL, 7, 'UPISAN', '2026-03-12 12:00:00', 'Nalaz za Kronicna bolest bubrega', 'Kontrolni nalaz 7', '2026-01-01 08:00:00', '2026-01-01 08:00:00'),
(8, NULL, NULL, 8, 'VERIFIKACIJA', '2026-03-13 12:00:00', 'Nalaz za Atopijski dermatitis', 'Kontrolni nalaz 8', '2026-01-01 08:00:00', '2026-01-01 08:00:00'),
(9, NULL, NULL, 9, 'IZDAN', '2026-03-14 12:00:00', 'Nalaz za Poremecaji refrakcije i akomodacije', 'Kontrolni nalaz 9', '2026-01-01 08:00:00', '2026-01-01 08:00:00'),
(10, NULL, NULL, 10, 'STORNO', '2026-03-15 12:00:00', 'Nalaz za Konjunktivitis', 'Kontrolni nalaz 10', '2026-01-01 08:00:00', '2026-01-01 08:00:00'),
(11, NULL, NULL, 11, 'NACRT', '2026-03-16 12:00:00', 'Nalaz za Gonartroza', 'Kontrolni nalaz 11', '2026-01-01 08:00:00', '2026-01-01 08:00:00'),
(12, NULL, NULL, 12, 'UPISAN', '2026-03-17 12:00:00', 'Nalaz za Dorzalgija', 'Kontrolni nalaz 12', '2026-01-01 08:00:00', '2026-01-01 08:00:00'),
(13, NULL, NULL, 13, 'VERIFIKACIJA', '2026-03-18 12:00:00', 'Nalaz za Ostali poremecaji mekog tkiva', 'Kontrolni nalaz 13', '2026-01-01 08:00:00', '2026-01-01 08:00:00'),
(14, NULL, NULL, 14, 'IZDAN', '2026-03-19 12:00:00', 'Nalaz za Benigna hiperplazija prostate', 'Kontrolni nalaz 14', '2026-01-01 08:00:00', '2026-01-01 08:00:00'),
(15, NULL, NULL, 15, 'STORNO', '2026-03-20 12:00:00', 'Nalaz za Ostali poremecaji mokracnog sustava', 'Kontrolni nalaz 15', '2026-01-01 08:00:00', '2026-01-01 08:00:00'),
(16, NULL, NULL, 16, 'NACRT', '2026-03-21 12:00:00', 'Nalaz za Ostale upalne bolesti rodnice i stidnice', 'Kontrolni nalaz 16', '2026-01-01 08:00:00', '2026-01-01 08:00:00'),
(17, NULL, NULL, 17, 'UPISAN', '2026-03-22 12:00:00', 'Nalaz za Nadzor normalne trudnoce', 'Kontrolni nalaz 17', '2026-01-01 08:00:00', '2026-01-01 08:00:00'),
(18, NULL, NULL, 18, 'VERIFIKACIJA', '2026-03-23 12:00:00', 'Nalaz za Akutna infekcija gornjih disnih putova', 'Kontrolni nalaz 18', '2026-01-01 08:00:00', '2026-01-01 08:00:00'),
(19, NULL, NULL, 19, 'IZDAN', '2026-03-24 12:00:00', 'Nalaz za Zlocudna novotvorina dojke', 'Kontrolni nalaz 19', '2026-01-01 08:00:00', '2026-01-01 08:00:00'),
(20, NULL, NULL, 20, 'STORNO', '2026-03-25 12:00:00', 'Nalaz za Zlocudna novotvorina bronha i pluca', 'Kontrolni nalaz 20', '2026-01-01 08:00:00', '2026-01-01 08:00:00'),
(21, NULL, NULL, 21, 'NACRT', '2026-03-26 12:00:00', 'Nalaz za Ostale anemije', 'Kontrolni nalaz 21', '2026-01-01 08:00:00', '2026-01-01 08:00:00'),
(22, NULL, NULL, 22, 'UPISAN', '2026-03-27 12:00:00', 'Nalaz za Poremecaji metabolizma lipoproteina', 'Kontrolni nalaz 22', '2026-01-01 08:00:00', '2026-01-01 08:00:00'),
(23, NULL, NULL, 23, 'VERIFIKACIJA', '2026-03-28 12:00:00', 'Nalaz za Bol u grlu i prsima', 'Kontrolni nalaz 23', '2026-01-01 08:00:00', '2026-01-01 08:00:00'),
(24, NULL, NULL, 24, 'IZDAN', '2026-03-29 12:00:00', 'Nalaz za Glavobolja', 'Kontrolni nalaz 24', '2026-01-01 08:00:00', '2026-01-01 08:00:00'),
(25, NULL, NULL, 25, 'STORNO', '2026-03-30 12:00:00', 'Nalaz za Bol u trbuhu i zdjelici', 'Kontrolni nalaz 25', '2026-01-01 08:00:00', '2026-01-01 08:00:00'),
(26, NULL, NULL, 26, 'NACRT', '2026-03-31 12:00:00', 'Nalaz za Omaglica i ošamucenost', 'Kontrolni nalaz 26', '2026-01-01 08:00:00', '2026-01-01 08:00:00'),
(27, NULL, NULL, 27, 'UPISAN', '2026-04-01 12:00:00', 'Nalaz za Malaksalost i umor', 'Kontrolni nalaz 27', '2026-01-01 08:00:00', '2026-01-01 08:00:00'),
(28, NULL, NULL, 28, 'VERIFIKACIJA', '2026-04-02 12:00:00', 'Nalaz za Anksiozni poremecaji', 'Kontrolni nalaz 28', '2026-01-01 08:00:00', '2026-01-01 08:00:00'),
(29, NULL, NULL, 29, 'IZDAN', '2026-04-03 12:00:00', 'Nalaz za Depresivna epizoda', 'Kontrolni nalaz 29', '2026-01-01 08:00:00', '2026-01-01 08:00:00'),
(30, NULL, NULL, 30, 'STORNO', '2026-04-04 12:00:00', 'Nalaz za Migrena', 'Kontrolni nalaz 30', '2026-01-01 08:00:00', '2026-01-01 08:00:00'),
(31, NULL, NULL, 31, 'NACRT', '2026-04-05 12:00:00', 'Nalaz za Epilepsija', 'Kontrolni nalaz 31', '2026-01-01 08:00:00', '2026-01-01 08:00:00'),
(32, NULL, NULL, 32, 'UPISAN', '2026-04-06 12:00:00', 'Nalaz za Angina pektoris', 'Kontrolni nalaz 32', '2026-01-01 08:00:00', '2026-01-01 08:00:00'),
(33, NULL, NULL, 33, 'VERIFIKACIJA', '2026-04-07 12:00:00', 'Nalaz za Kronicna ishemijska bolest srca', 'Kontrolni nalaz 33', '2026-01-01 08:00:00', '2026-01-01 08:00:00'),
(34, NULL, NULL, 34, 'IZDAN', '2026-04-08 12:00:00', 'Nalaz za Fibrilacija i undulacija atrija', 'Kontrolni nalaz 34', '2026-01-01 08:00:00', '2026-01-01 08:00:00'),
(35, NULL, NULL, 35, 'STORNO', '2026-04-09 12:00:00', 'Nalaz za Zatajenje srca', 'Kontrolni nalaz 35', '2026-01-01 08:00:00', '2026-01-01 08:00:00'),
(36, NULL, NULL, 36, 'NACRT', '2026-04-10 12:00:00', 'Nalaz za Pretilost', 'Kontrolni nalaz 36', '2026-01-01 08:00:00', '2026-01-01 08:00:00'),
(37, NULL, NULL, 37, 'UPISAN', '2026-04-11 12:00:00', 'Nalaz za Manjak vitamina D', 'Kontrolni nalaz 37', '2026-01-01 08:00:00', '2026-01-01 08:00:00'),
(38, NULL, NULL, 38, 'VERIFIKACIJA', '2026-04-12 12:00:00', 'Nalaz za Gastritis i duodenitis', 'Kontrolni nalaz 38', '2026-01-01 08:00:00', '2026-01-01 08:00:00'),
(39, NULL, NULL, 39, 'IZDAN', '2026-04-13 12:00:00', 'Nalaz za Kolelitijaza', 'Kontrolni nalaz 39', '2026-01-01 08:00:00', '2026-01-01 08:00:00'),
(40, NULL, NULL, 40, 'STORNO', '2026-04-14 12:00:00', 'Nalaz za Sindrom iritabilnog crijeva', 'Kontrolni nalaz 40', '2026-01-01 08:00:00', '2026-01-01 08:00:00'),
(41, NULL, NULL, 41, 'NACRT', '2026-04-15 12:00:00', 'Nalaz za Koksartroza', 'Kontrolni nalaz 41', '2026-01-01 08:00:00', '2026-01-01 08:00:00'),
(42, NULL, NULL, 42, 'UPISAN', '2026-04-16 12:00:00', 'Nalaz za Osteoporoza bez patoloskog prijeloma', 'Kontrolni nalaz 42', '2026-01-01 08:00:00', '2026-01-01 08:00:00'),
(43, NULL, NULL, 43, 'VERIFIKACIJA', '2026-04-17 12:00:00', 'Nalaz za Seropozitivni reumatoidni artritis', 'Kontrolni nalaz 43', '2026-01-01 08:00:00', '2026-01-01 08:00:00'),
(44, NULL, NULL, 44, 'IZDAN', '2026-04-18 12:00:00', 'Nalaz za Kasalj', 'Kontrolni nalaz 44', '2026-01-01 08:00:00', '2026-01-01 08:00:00'),
(45, NULL, NULL, 45, 'STORNO', '2026-04-19 12:00:00', 'Nalaz za Poremecaji disanja', 'Kontrolni nalaz 45', '2026-01-01 08:00:00', '2026-01-01 08:00:00'),
(46, NULL, NULL, 46, 'NACRT', '2026-04-20 12:00:00', 'Nalaz za Povisena razina glukoze u krvi', 'Kontrolni nalaz 46', '2026-01-01 08:00:00', '2026-01-01 08:00:00'),
(47, NULL, NULL, 47, 'UPISAN', '2026-04-21 12:00:00', 'Nalaz za Opci lijecnicki pregled', 'Kontrolni nalaz 47', '2026-01-01 08:00:00', '2026-01-01 08:00:00'),
(48, NULL, NULL, 48, 'VERIFIKACIJA', '2026-04-22 12:00:00', 'Nalaz za Ostali posebni pregledi i ispitivanja', 'Kontrolni nalaz 48', '2026-01-01 08:00:00', '2026-01-01 08:00:00'),
(49, NULL, NULL, 49, 'IZDAN', '2026-04-23 12:00:00', 'Nalaz za Posebni probirni pregled', 'Kontrolni nalaz 49', '2026-01-01 08:00:00', '2026-01-01 08:00:00'),
(50, NULL, NULL, 50, 'STORNO', '2026-04-24 12:00:00', 'Nalaz za Osobe koje traze savjete i upute', 'Kontrolni nalaz 50', '2026-01-01 08:00:00', '2026-01-01 08:00:00');

INSERT INTO laboratorijski_parametar (sifra, naziv, opis, jedinica, vrijeme_kreiranja, vrijeme_azuriranja) VALUES
('WBC', 'Leukociti', 'Laboratorijski parametar Leukociti', '10^9/L', '2026-01-01 08:00:00', '2026-01-01 08:00:00'),
('RBC', 'Eritrociti', 'Laboratorijski parametar Eritrociti', '10^12/L', '2026-01-01 08:00:00', '2026-01-01 08:00:00'),
('HGB', 'Hemoglobin', 'Laboratorijski parametar Hemoglobin', 'g/L', '2026-01-01 08:00:00', '2026-01-01 08:00:00'),
('HCT', 'Hematokrit', 'Laboratorijski parametar Hematokrit', 'L/L', '2026-01-01 08:00:00', '2026-01-01 08:00:00'),
('PLT', 'Trombociti', 'Laboratorijski parametar Trombociti', '10^9/L', '2026-01-01 08:00:00', '2026-01-01 08:00:00'),
('GLU', 'Glukoza', 'Laboratorijski parametar Glukoza', 'mmol/L', '2026-01-01 08:00:00', '2026-01-01 08:00:00'),
('HbA1c', 'Glikirani hemoglobin', 'Laboratorijski parametar Glikirani hemoglobin', '%', '2026-01-01 08:00:00', '2026-01-01 08:00:00'),
('UREA', 'Urea', 'Laboratorijski parametar Urea', 'mmol/L', '2026-01-01 08:00:00', '2026-01-01 08:00:00'),
('CREA', 'Kreatinin', 'Laboratorijski parametar Kreatinin', 'umol/L', '2026-01-01 08:00:00', '2026-01-01 08:00:00'),
('eGFR', 'Procijenjena glomerulska filtracija', 'Laboratorijski parametar Procijenjena glomerulska filtracija', 'mL/min/1.73m2', '2026-01-01 08:00:00', '2026-01-01 08:00:00'),
('AST', 'Aspartat aminotransferaza', 'Laboratorijski parametar Aspartat aminotransferaza', 'U/L', '2026-01-01 08:00:00', '2026-01-01 08:00:00'),
('ALT', 'Alanin aminotransferaza', 'Laboratorijski parametar Alanin aminotransferaza', 'U/L', '2026-01-01 08:00:00', '2026-01-01 08:00:00'),
('GGT', 'Gama-glutamil transferaza', 'Laboratorijski parametar Gama-glutamil transferaza', 'U/L', '2026-01-01 08:00:00', '2026-01-01 08:00:00'),
('ALP', 'Alkalna fosfataza', 'Laboratorijski parametar Alkalna fosfataza', 'U/L', '2026-01-01 08:00:00', '2026-01-01 08:00:00'),
('BIL-T', 'Bilirubin ukupni', 'Laboratorijski parametar Bilirubin ukupni', 'umol/L', '2026-01-01 08:00:00', '2026-01-01 08:00:00'),
('CHOL', 'Kolesterol ukupni', 'Laboratorijski parametar Kolesterol ukupni', 'mmol/L', '2026-01-01 08:00:00', '2026-01-01 08:00:00'),
('HDL', 'HDL kolesterol', 'Laboratorijski parametar HDL kolesterol', 'mmol/L', '2026-01-01 08:00:00', '2026-01-01 08:00:00'),
('LDL', 'LDL kolesterol', 'Laboratorijski parametar LDL kolesterol', 'mmol/L', '2026-01-01 08:00:00', '2026-01-01 08:00:00'),
('TG', 'Trigliceridi', 'Laboratorijski parametar Trigliceridi', 'mmol/L', '2026-01-01 08:00:00', '2026-01-01 08:00:00'),
('CRP', 'C-reaktivni protein', 'Laboratorijski parametar C-reaktivni protein', 'mg/L', '2026-01-01 08:00:00', '2026-01-01 08:00:00'),
('TSH', 'Tireotropin', 'Laboratorijski parametar Tireotropin', 'mIU/L', '2026-01-01 08:00:00', '2026-01-01 08:00:00'),
('FT4', 'Slobodni tiroksin', 'Laboratorijski parametar Slobodni tiroksin', 'pmol/L', '2026-01-01 08:00:00', '2026-01-01 08:00:00'),
('FT3', 'Slobodni trijodtironin', 'Laboratorijski parametar Slobodni trijodtironin', 'pmol/L', '2026-01-01 08:00:00', '2026-01-01 08:00:00'),
('PSA', 'PSA ukupni', 'Laboratorijski parametar PSA ukupni', 'ug/L', '2026-01-01 08:00:00', '2026-01-01 08:00:00'),
('D-D', 'D-dimer', 'Laboratorijski parametar D-dimer', 'mg/L FEU', '2026-01-01 08:00:00', '2026-01-01 08:00:00'),
('INR', 'Medunarodni normalizirani omjer', 'Laboratorijski parametar Medunarodni normalizirani omjer', '-', '2026-01-01 08:00:00', '2026-01-01 08:00:00'),
('PT', 'Protrombinsko vrijeme', 'Laboratorijski parametar Protrombinsko vrijeme', 's', '2026-01-01 08:00:00', '2026-01-01 08:00:00'),
('aPTT', 'Aktivirano parcijalno tromboplastinsko vrijeme', 'Laboratorijski parametar Aktivirano parcijalno tromboplastinsko vrijeme', 's', '2026-01-01 08:00:00', '2026-01-01 08:00:00'),
('Na', 'Natrij', 'Laboratorijski parametar Natrij', 'mmol/L', '2026-01-01 08:00:00', '2026-01-01 08:00:00'),
('K', 'Kalij', 'Laboratorijski parametar Kalij', 'mmol/L', '2026-01-01 08:00:00', '2026-01-01 08:00:00'),
('Cl', 'Kloridi', 'Laboratorijski parametar Kloridi', 'mmol/L', '2026-01-01 08:00:00', '2026-01-01 08:00:00'),
('Ca', 'Kalcij', 'Laboratorijski parametar Kalcij', 'mmol/L', '2026-01-01 08:00:00', '2026-01-01 08:00:00'),
('Mg', 'Magnezij', 'Laboratorijski parametar Magnezij', 'mmol/L', '2026-01-01 08:00:00', '2026-01-01 08:00:00'),
('P', 'Fosfati', 'Laboratorijski parametar Fosfati', 'mmol/L', '2026-01-01 08:00:00', '2026-01-01 08:00:00'),
('Fe', 'Zeljezo', 'Laboratorijski parametar Zeljezo', 'umol/L', '2026-01-01 08:00:00', '2026-01-01 08:00:00'),
('FERR', 'Feritin', 'Laboratorijski parametar Feritin', 'ug/L', '2026-01-01 08:00:00', '2026-01-01 08:00:00'),
('B12', 'Vitamin B12', 'Laboratorijski parametar Vitamin B12', 'pmol/L', '2026-01-01 08:00:00', '2026-01-01 08:00:00'),
('FOL', 'Folna kiselina', 'Laboratorijski parametar Folna kiselina', 'nmol/L', '2026-01-01 08:00:00', '2026-01-01 08:00:00'),
('VITD', '25-OH vitamin D', 'Laboratorijski parametar 25-OH vitamin D', 'nmol/L', '2026-01-01 08:00:00', '2026-01-01 08:00:00'),
('ESR', 'SE', 'Laboratorijski parametar SE', 'mm/h', '2026-01-01 08:00:00', '2026-01-01 08:00:00'),
('UR-pH', 'pH urina', 'Laboratorijski parametar pH urina', '-', '2026-01-01 08:00:00', '2026-01-01 08:00:00'),
('UR-PRO', 'Proteini u urinu', 'Laboratorijski parametar Proteini u urinu', 'g/L', '2026-01-01 08:00:00', '2026-01-01 08:00:00'),
('UR-GLU', 'Glukoza u urinu', 'Laboratorijski parametar Glukoza u urinu', 'mmol/L', '2026-01-01 08:00:00', '2026-01-01 08:00:00'),
('UR-KET', 'Ketoni u urinu', 'Laboratorijski parametar Ketoni u urinu', 'mmol/L', '2026-01-01 08:00:00', '2026-01-01 08:00:00'),
('UR-LEU', 'Leukociti u urinu', 'Laboratorijski parametar Leukociti u urinu', '/uL', '2026-01-01 08:00:00', '2026-01-01 08:00:00'),
('CK', 'Kreatin kinaza', 'Laboratorijski parametar Kreatin kinaza', 'U/L', '2026-01-01 08:00:00', '2026-01-01 08:00:00'),
('TnI', 'Troponin I', 'Laboratorijski parametar Troponin I', 'ng/L', '2026-01-01 08:00:00', '2026-01-01 08:00:00'),
('NTproBNP', 'NT-proBNP', 'Laboratorijski parametar NT-proBNP', 'ng/L', '2026-01-01 08:00:00', '2026-01-01 08:00:00'),
('PROL', 'Prolaktin', 'Laboratorijski parametar Prolaktin', 'mIU/L', '2026-01-01 08:00:00', '2026-01-01 08:00:00'),
('CORT', 'Kortizol', 'Laboratorijski parametar Kortizol', 'nmol/L', '2026-01-01 08:00:00', '2026-01-01 08:00:00');

INSERT INTO laboratorijski_rezultat (id_nalaz, id_laboratorijski_parametar, uzorkovano_u, izmjereno_u, rezultat_tekst, rezultat_broj, referentni_min, referentni_max, oznaka_odstupanja, opis_odstupanja, vrijeme_kreiranja, vrijeme_azuriranja) VALUES
(1, 1, '2026-03-11 08:00:00', '2026-03-11 10:00:00', 'Rezultat mjerenja Leukociti', '1.370000', '0.500000', '20.000000', 0, 'U referentnom rasponu', '2026-01-01 08:00:00', '2026-01-01 08:00:00'),
(2, 2, '2026-03-12 08:00:00', '2026-03-12 10:00:00', 'Rezultat mjerenja Eritrociti', '1.740000', '0.500000', '20.000000', 0, 'U referentnom rasponu', '2026-01-01 08:00:00', '2026-01-01 08:00:00'),
(3, 3, '2026-03-13 08:00:00', '2026-03-13 10:00:00', 'Rezultat mjerenja Hemoglobin', '2.110000', '0.500000', '20.000000', 0, 'U referentnom rasponu', '2026-01-01 08:00:00', '2026-01-01 08:00:00'),
(4, 4, '2026-03-14 08:00:00', '2026-03-14 10:00:00', 'Rezultat mjerenja Hematokrit', '2.480000', '0.500000', '20.000000', 0, 'U referentnom rasponu', '2026-01-01 08:00:00', '2026-01-01 08:00:00'),
(5, 5, '2026-03-15 08:00:00', '2026-03-15 10:00:00', 'Rezultat mjerenja Trombociti', '2.850000', '0.500000', '20.000000', 0, 'U referentnom rasponu', '2026-01-01 08:00:00', '2026-01-01 08:00:00'),
(6, 6, '2026-03-16 08:00:00', '2026-03-16 10:00:00', 'Rezultat mjerenja Glukoza', '3.220000', '0.500000', '20.000000', 0, 'U referentnom rasponu', '2026-01-01 08:00:00', '2026-01-01 08:00:00'),
(7, 7, '2026-03-17 08:00:00', '2026-03-17 10:00:00', 'Rezultat mjerenja Glikirani hemoglobin', '3.590000', '0.500000', '20.000000', 0, 'U referentnom rasponu', '2026-01-01 08:00:00', '2026-01-01 08:00:00'),
(8, 8, '2026-03-18 08:00:00', '2026-03-18 10:00:00', 'Rezultat mjerenja Urea', '3.960000', '0.500000', '20.000000', 0, 'U referentnom rasponu', '2026-01-01 08:00:00', '2026-01-01 08:00:00'),
(9, 9, '2026-03-19 08:00:00', '2026-03-19 10:00:00', 'Rezultat mjerenja Kreatinin', '4.330000', '0.500000', '20.000000', 0, 'U referentnom rasponu', '2026-01-01 08:00:00', '2026-01-01 08:00:00'),
(10, 10, '2026-03-20 08:00:00', '2026-03-20 10:00:00', 'Rezultat mjerenja Procijenjena glomerulska filtracija', '4.700000', '0.500000', '20.000000', 0, 'U referentnom rasponu', '2026-01-01 08:00:00', '2026-01-01 08:00:00'),
(11, 11, '2026-03-21 08:00:00', '2026-03-21 10:00:00', 'Rezultat mjerenja Aspartat aminotransferaza', '5.070000', '0.500000', '20.000000', 0, 'U referentnom rasponu', '2026-01-01 08:00:00', '2026-01-01 08:00:00'),
(12, 12, '2026-03-22 08:00:00', '2026-03-22 10:00:00', 'Rezultat mjerenja Alanin aminotransferaza', '5.440000', '0.500000', '20.000000', 0, 'U referentnom rasponu', '2026-01-01 08:00:00', '2026-01-01 08:00:00'),
(13, 13, '2026-03-23 08:00:00', '2026-03-23 10:00:00', 'Rezultat mjerenja Gama-glutamil transferaza', '5.810000', '0.500000', '20.000000', 0, 'U referentnom rasponu', '2026-01-01 08:00:00', '2026-01-01 08:00:00'),
(14, 14, '2026-03-24 08:00:00', '2026-03-24 10:00:00', 'Rezultat mjerenja Alkalna fosfataza', '6.180000', '0.500000', '20.000000', 0, 'U referentnom rasponu', '2026-01-01 08:00:00', '2026-01-01 08:00:00'),
(15, 15, '2026-03-25 08:00:00', '2026-03-25 10:00:00', 'Rezultat mjerenja Bilirubin ukupni', '6.550000', '0.500000', '20.000000', 0, 'U referentnom rasponu', '2026-01-01 08:00:00', '2026-01-01 08:00:00'),
(16, 16, '2026-03-26 08:00:00', '2026-03-26 10:00:00', 'Rezultat mjerenja Kolesterol ukupni', '6.920000', '0.500000', '20.000000', 0, 'U referentnom rasponu', '2026-01-01 08:00:00', '2026-01-01 08:00:00'),
(17, 17, '2026-03-27 08:00:00', '2026-03-27 10:00:00', 'Rezultat mjerenja HDL kolesterol', '7.290000', '0.500000', '20.000000', 0, 'U referentnom rasponu', '2026-01-01 08:00:00', '2026-01-01 08:00:00'),
(18, 18, '2026-03-28 08:00:00', '2026-03-28 10:00:00', 'Rezultat mjerenja LDL kolesterol', '7.660000', '0.500000', '20.000000', 0, 'U referentnom rasponu', '2026-01-01 08:00:00', '2026-01-01 08:00:00'),
(19, 19, '2026-03-29 08:00:00', '2026-03-29 10:00:00', 'Rezultat mjerenja Trigliceridi', '8.030000', '0.500000', '20.000000', 0, 'U referentnom rasponu', '2026-01-01 08:00:00', '2026-01-01 08:00:00'),
(20, 20, '2026-03-30 08:00:00', '2026-03-30 10:00:00', 'Rezultat mjerenja C-reaktivni protein', '8.400000', '0.500000', '20.000000', 0, 'U referentnom rasponu', '2026-01-01 08:00:00', '2026-01-01 08:00:00'),
(21, 21, '2026-03-31 08:00:00', '2026-03-31 10:00:00', 'Rezultat mjerenja Tireotropin', '8.770000', '0.500000', '20.000000', 0, 'U referentnom rasponu', '2026-01-01 08:00:00', '2026-01-01 08:00:00'),
(22, 22, '2026-04-01 08:00:00', '2026-04-01 10:00:00', 'Rezultat mjerenja Slobodni tiroksin', '9.140000', '0.500000', '20.000000', 0, 'U referentnom rasponu', '2026-01-01 08:00:00', '2026-01-01 08:00:00'),
(23, 23, '2026-04-02 08:00:00', '2026-04-02 10:00:00', 'Rezultat mjerenja Slobodni trijodtironin', '9.510000', '0.500000', '20.000000', 0, 'U referentnom rasponu', '2026-01-01 08:00:00', '2026-01-01 08:00:00'),
(24, 24, '2026-04-03 08:00:00', '2026-04-03 10:00:00', 'Rezultat mjerenja PSA ukupni', '9.880000', '0.500000', '20.000000', 0, 'U referentnom rasponu', '2026-01-01 08:00:00', '2026-01-01 08:00:00'),
(25, 25, '2026-04-04 08:00:00', '2026-04-04 10:00:00', 'Rezultat mjerenja D-dimer', '10.250000', '0.500000', '20.000000', 0, 'U referentnom rasponu', '2026-01-01 08:00:00', '2026-01-01 08:00:00'),
(26, 26, '2026-04-05 08:00:00', '2026-04-05 10:00:00', 'Rezultat mjerenja Medunarodni normalizirani omjer', '10.620000', '0.500000', '20.000000', 0, 'U referentnom rasponu', '2026-01-01 08:00:00', '2026-01-01 08:00:00'),
(27, 27, '2026-04-06 08:00:00', '2026-04-06 10:00:00', 'Rezultat mjerenja Protrombinsko vrijeme', '10.990000', '0.500000', '20.000000', 0, 'U referentnom rasponu', '2026-01-01 08:00:00', '2026-01-01 08:00:00'),
(28, 28, '2026-04-07 08:00:00', '2026-04-07 10:00:00', 'Rezultat mjerenja Aktivirano parcijalno tromboplastinsko vrijeme', '11.360000', '0.500000', '20.000000', 0, 'U referentnom rasponu', '2026-01-01 08:00:00', '2026-01-01 08:00:00'),
(29, 29, '2026-04-08 08:00:00', '2026-04-08 10:00:00', 'Rezultat mjerenja Natrij', '11.730000', '0.500000', '20.000000', 0, 'U referentnom rasponu', '2026-01-01 08:00:00', '2026-01-01 08:00:00'),
(30, 30, '2026-04-09 08:00:00', '2026-04-09 10:00:00', 'Rezultat mjerenja Kalij', '12.100000', '0.500000', '20.000000', 0, 'U referentnom rasponu', '2026-01-01 08:00:00', '2026-01-01 08:00:00'),
(31, 31, '2026-04-10 08:00:00', '2026-04-10 10:00:00', 'Rezultat mjerenja Kloridi', '12.470000', '0.500000', '20.000000', 0, 'U referentnom rasponu', '2026-01-01 08:00:00', '2026-01-01 08:00:00'),
(32, 32, '2026-04-11 08:00:00', '2026-04-11 10:00:00', 'Rezultat mjerenja Kalcij', '12.840000', '0.500000', '20.000000', 0, 'U referentnom rasponu', '2026-01-01 08:00:00', '2026-01-01 08:00:00'),
(33, 33, '2026-04-12 08:00:00', '2026-04-12 10:00:00', 'Rezultat mjerenja Magnezij', '13.210000', '0.500000', '20.000000', 0, 'U referentnom rasponu', '2026-01-01 08:00:00', '2026-01-01 08:00:00'),
(34, 34, '2026-04-13 08:00:00', '2026-04-13 10:00:00', 'Rezultat mjerenja Fosfati', '13.580000', '0.500000', '20.000000', 0, 'U referentnom rasponu', '2026-01-01 08:00:00', '2026-01-01 08:00:00'),
(35, 35, '2026-04-14 08:00:00', '2026-04-14 10:00:00', 'Rezultat mjerenja Zeljezo', '13.950000', '0.500000', '20.000000', 0, 'U referentnom rasponu', '2026-01-01 08:00:00', '2026-01-01 08:00:00'),
(36, 36, '2026-04-15 08:00:00', '2026-04-15 10:00:00', 'Rezultat mjerenja Feritin', '14.320000', '0.500000', '20.000000', 0, 'U referentnom rasponu', '2026-01-01 08:00:00', '2026-01-01 08:00:00'),
(37, 37, '2026-04-16 08:00:00', '2026-04-16 10:00:00', 'Rezultat mjerenja Vitamin B12', '14.690000', '0.500000', '20.000000', 0, 'U referentnom rasponu', '2026-01-01 08:00:00', '2026-01-01 08:00:00'),
(38, 38, '2026-04-17 08:00:00', '2026-04-17 10:00:00', 'Rezultat mjerenja Folna kiselina', '15.060000', '0.500000', '20.000000', 0, 'U referentnom rasponu', '2026-01-01 08:00:00', '2026-01-01 08:00:00'),
(39, 39, '2026-04-18 08:00:00', '2026-04-18 10:00:00', 'Rezultat mjerenja 25-OH vitamin D', '15.430000', '0.500000', '20.000000', 0, 'U referentnom rasponu', '2026-01-01 08:00:00', '2026-01-01 08:00:00'),
(40, 40, '2026-04-19 08:00:00', '2026-04-19 10:00:00', 'Rezultat mjerenja SE', '15.800000', '0.500000', '20.000000', 0, 'U referentnom rasponu', '2026-01-01 08:00:00', '2026-01-01 08:00:00'),
(41, 41, '2026-04-20 08:00:00', '2026-04-20 10:00:00', 'Rezultat mjerenja pH urina', '16.170000', '0.500000', '20.000000', 0, 'U referentnom rasponu', '2026-01-01 08:00:00', '2026-01-01 08:00:00'),
(42, 42, '2026-04-21 08:00:00', '2026-04-21 10:00:00', 'Rezultat mjerenja Proteini u urinu', '16.540000', '0.500000', '20.000000', 0, 'U referentnom rasponu', '2026-01-01 08:00:00', '2026-01-01 08:00:00'),
(43, 43, '2026-04-22 08:00:00', '2026-04-22 10:00:00', 'Rezultat mjerenja Glukoza u urinu', '16.910000', '0.500000', '20.000000', 0, 'U referentnom rasponu', '2026-01-01 08:00:00', '2026-01-01 08:00:00'),
(44, 44, '2026-04-23 08:00:00', '2026-04-23 10:00:00', 'Rezultat mjerenja Ketoni u urinu', '17.280000', '0.500000', '20.000000', 0, 'U referentnom rasponu', '2026-01-01 08:00:00', '2026-01-01 08:00:00'),
(45, 45, '2026-04-24 08:00:00', '2026-04-24 10:00:00', 'Rezultat mjerenja Leukociti u urinu', '17.650000', '0.500000', '20.000000', 0, 'U referentnom rasponu', '2026-01-01 08:00:00', '2026-01-01 08:00:00'),
(46, 46, '2026-04-25 08:00:00', '2026-04-25 10:00:00', 'Rezultat mjerenja Kreatin kinaza', '18.020000', '0.500000', '20.000000', 0, 'U referentnom rasponu', '2026-01-01 08:00:00', '2026-01-01 08:00:00'),
(47, 47, '2026-04-26 08:00:00', '2026-04-26 10:00:00', 'Rezultat mjerenja Troponin I', '18.390000', '0.500000', '20.000000', 0, 'U referentnom rasponu', '2026-01-01 08:00:00', '2026-01-01 08:00:00'),
(48, 48, '2026-04-27 08:00:00', '2026-04-27 10:00:00', 'Rezultat mjerenja NT-proBNP', '18.760000', '0.500000', '20.000000', 0, 'U referentnom rasponu', '2026-01-01 08:00:00', '2026-01-01 08:00:00'),
(49, 49, '2026-04-28 08:00:00', '2026-04-28 10:00:00', 'Rezultat mjerenja Prolaktin', '19.130000', '0.500000', '20.000000', 0, 'U referentnom rasponu', '2026-01-01 08:00:00', '2026-01-01 08:00:00'),
(50, 50, '2026-04-29 08:00:00', '2026-04-29 10:00:00', 'Rezultat mjerenja Kortizol', '19.500000', '0.500000', '20.000000', 0, 'U referentnom rasponu', '2026-01-01 08:00:00', '2026-01-01 08:00:00');

INSERT INTO terapija (id_pregled, id_nalaz, preporuceno_u, tekst_preporuke, potrebna_kontrola_flag, datum_kontrole, napomena, vrijeme_kreiranja, vrijeme_azuriranja) VALUES
(1, 1, '2026-03-13 13:00:00', 'Preporucena terapija za Esencijalna (primarna) hipertenzija', b'0', NULL, 'Praćenje kroz obiteljsku medicinu', '2026-01-01 08:00:00', '2026-01-01 08:00:00'),
(2, 2, '2026-03-14 13:00:00', 'Preporucena terapija za Secerna bolest tip 2', b'0', NULL, 'Praćenje kroz obiteljsku medicinu', '2026-01-01 08:00:00', '2026-01-01 08:00:00'),
(3, 3, '2026-03-15 13:00:00', 'Preporucena terapija za Astma', b'1', '2026-04-23', 'Praćenje kroz obiteljsku medicinu', '2026-01-01 08:00:00', '2026-01-01 08:00:00'),
(4, 4, '2026-03-16 13:00:00', 'Preporucena terapija za Kronična opstruktivna plucna bolest', b'0', NULL, 'Praćenje kroz obiteljsku medicinu', '2026-01-01 08:00:00', '2026-01-01 08:00:00'),
(5, 5, '2026-03-17 13:00:00', 'Preporucena terapija za Gastroezofagealna refluksna bolest', b'0', NULL, 'Praćenje kroz obiteljsku medicinu', '2026-01-01 08:00:00', '2026-01-01 08:00:00'),
(6, 6, '2026-03-18 13:00:00', 'Preporucena terapija za Hipotireoza', b'1', '2026-04-26', 'Praćenje kroz obiteljsku medicinu', '2026-01-01 08:00:00', '2026-01-01 08:00:00'),
(7, 7, '2026-03-19 13:00:00', 'Preporucena terapija za Kronicna bolest bubrega', b'0', NULL, 'Praćenje kroz obiteljsku medicinu', '2026-01-01 08:00:00', '2026-01-01 08:00:00'),
(8, 8, '2026-03-20 13:00:00', 'Preporucena terapija za Atopijski dermatitis', b'0', NULL, 'Praćenje kroz obiteljsku medicinu', '2026-01-01 08:00:00', '2026-01-01 08:00:00'),
(9, 9, '2026-03-21 13:00:00', 'Preporucena terapija za Poremecaji refrakcije i akomodacije', b'1', '2026-04-29', 'Praćenje kroz obiteljsku medicinu', '2026-01-01 08:00:00', '2026-01-01 08:00:00'),
(10, 10, '2026-03-22 13:00:00', 'Preporucena terapija za Konjunktivitis', b'0', NULL, 'Praćenje kroz obiteljsku medicinu', '2026-01-01 08:00:00', '2026-01-01 08:00:00'),
(11, 11, '2026-03-23 13:00:00', 'Preporucena terapija za Gonartroza', b'0', NULL, 'Praćenje kroz obiteljsku medicinu', '2026-01-01 08:00:00', '2026-01-01 08:00:00'),
(12, 12, '2026-03-24 13:00:00', 'Preporucena terapija za Dorzalgija', b'1', '2026-05-02', 'Praćenje kroz obiteljsku medicinu', '2026-01-01 08:00:00', '2026-01-01 08:00:00'),
(13, 13, '2026-03-25 13:00:00', 'Preporucena terapija za Ostali poremecaji mekog tkiva', b'0', NULL, 'Praćenje kroz obiteljsku medicinu', '2026-01-01 08:00:00', '2026-01-01 08:00:00'),
(14, 14, '2026-03-26 13:00:00', 'Preporucena terapija za Benigna hiperplazija prostate', b'0', NULL, 'Praćenje kroz obiteljsku medicinu', '2026-01-01 08:00:00', '2026-01-01 08:00:00'),
(15, 15, '2026-03-27 13:00:00', 'Preporucena terapija za Ostali poremecaji mokracnog sustava', b'1', '2026-05-05', 'Praćenje kroz obiteljsku medicinu', '2026-01-01 08:00:00', '2026-01-01 08:00:00'),
(16, 16, '2026-03-28 13:00:00', 'Preporucena terapija za Ostale upalne bolesti rodnice i stidnice', b'0', NULL, 'Praćenje kroz obiteljsku medicinu', '2026-01-01 08:00:00', '2026-01-01 08:00:00'),
(17, 17, '2026-03-29 13:00:00', 'Preporucena terapija za Nadzor normalne trudnoce', b'0', NULL, 'Praćenje kroz obiteljsku medicinu', '2026-01-01 08:00:00', '2026-01-01 08:00:00'),
(18, 18, '2026-03-30 13:00:00', 'Preporucena terapija za Akutna infekcija gornjih disnih putova', b'1', '2026-05-08', 'Praćenje kroz obiteljsku medicinu', '2026-01-01 08:00:00', '2026-01-01 08:00:00'),
(19, 19, '2026-03-31 13:00:00', 'Preporucena terapija za Zlocudna novotvorina dojke', b'0', NULL, 'Praćenje kroz obiteljsku medicinu', '2026-01-01 08:00:00', '2026-01-01 08:00:00'),
(20, 20, '2026-04-01 13:00:00', 'Preporucena terapija za Zlocudna novotvorina bronha i pluca', b'0', NULL, 'Praćenje kroz obiteljsku medicinu', '2026-01-01 08:00:00', '2026-01-01 08:00:00'),
(21, 21, '2026-04-02 13:00:00', 'Preporucena terapija za Ostale anemije', b'1', '2026-05-11', 'Praćenje kroz obiteljsku medicinu', '2026-01-01 08:00:00', '2026-01-01 08:00:00'),
(22, 22, '2026-04-03 13:00:00', 'Preporucena terapija za Poremecaji metabolizma lipoproteina', b'0', NULL, 'Praćenje kroz obiteljsku medicinu', '2026-01-01 08:00:00', '2026-01-01 08:00:00'),
(23, 23, '2026-04-04 13:00:00', 'Preporucena terapija za Bol u grlu i prsima', b'0', NULL, 'Praćenje kroz obiteljsku medicinu', '2026-01-01 08:00:00', '2026-01-01 08:00:00'),
(24, 24, '2026-04-05 13:00:00', 'Preporucena terapija za Glavobolja', b'1', '2026-05-14', 'Praćenje kroz obiteljsku medicinu', '2026-01-01 08:00:00', '2026-01-01 08:00:00'),
(25, 25, '2026-04-06 13:00:00', 'Preporucena terapija za Bol u trbuhu i zdjelici', b'0', NULL, 'Praćenje kroz obiteljsku medicinu', '2026-01-01 08:00:00', '2026-01-01 08:00:00'),
(26, 26, '2026-04-07 13:00:00', 'Preporucena terapija za Omaglica i ošamucenost', b'0', NULL, 'Praćenje kroz obiteljsku medicinu', '2026-01-01 08:00:00', '2026-01-01 08:00:00'),
(27, 27, '2026-04-08 13:00:00', 'Preporucena terapija za Malaksalost i umor', b'1', '2026-05-17', 'Praćenje kroz obiteljsku medicinu', '2026-01-01 08:00:00', '2026-01-01 08:00:00'),
(28, 28, '2026-04-09 13:00:00', 'Preporucena terapija za Anksiozni poremecaji', b'0', NULL, 'Praćenje kroz obiteljsku medicinu', '2026-01-01 08:00:00', '2026-01-01 08:00:00'),
(29, 29, '2026-04-10 13:00:00', 'Preporucena terapija za Depresivna epizoda', b'0', NULL, 'Praćenje kroz obiteljsku medicinu', '2026-01-01 08:00:00', '2026-01-01 08:00:00'),
(30, 30, '2026-04-11 13:00:00', 'Preporucena terapija za Migrena', b'1', '2026-05-20', 'Praćenje kroz obiteljsku medicinu', '2026-01-01 08:00:00', '2026-01-01 08:00:00'),
(31, 31, '2026-04-12 13:00:00', 'Preporucena terapija za Epilepsija', b'0', NULL, 'Praćenje kroz obiteljsku medicinu', '2026-01-01 08:00:00', '2026-01-01 08:00:00'),
(32, 32, '2026-04-13 13:00:00', 'Preporucena terapija za Angina pektoris', b'0', NULL, 'Praćenje kroz obiteljsku medicinu', '2026-01-01 08:00:00', '2026-01-01 08:00:00'),
(33, 33, '2026-04-14 13:00:00', 'Preporucena terapija za Kronicna ishemijska bolest srca', b'1', '2026-05-23', 'Praćenje kroz obiteljsku medicinu', '2026-01-01 08:00:00', '2026-01-01 08:00:00'),
(34, 34, '2026-04-15 13:00:00', 'Preporucena terapija za Fibrilacija i undulacija atrija', b'0', NULL, 'Praćenje kroz obiteljsku medicinu', '2026-01-01 08:00:00', '2026-01-01 08:00:00'),
(35, 35, '2026-04-16 13:00:00', 'Preporucena terapija za Zatajenje srca', b'0', NULL, 'Praćenje kroz obiteljsku medicinu', '2026-01-01 08:00:00', '2026-01-01 08:00:00'),
(36, 36, '2026-04-17 13:00:00', 'Preporucena terapija za Pretilost', b'1', '2026-05-26', 'Praćenje kroz obiteljsku medicinu', '2026-01-01 08:00:00', '2026-01-01 08:00:00'),
(37, 37, '2026-04-18 13:00:00', 'Preporucena terapija za Manjak vitamina D', b'0', NULL, 'Praćenje kroz obiteljsku medicinu', '2026-01-01 08:00:00', '2026-01-01 08:00:00'),
(38, 38, '2026-04-19 13:00:00', 'Preporucena terapija za Gastritis i duodenitis', b'0', NULL, 'Praćenje kroz obiteljsku medicinu', '2026-01-01 08:00:00', '2026-01-01 08:00:00'),
(39, 39, '2026-04-20 13:00:00', 'Preporucena terapija za Kolelitijaza', b'1', '2026-05-29', 'Praćenje kroz obiteljsku medicinu', '2026-01-01 08:00:00', '2026-01-01 08:00:00'),
(40, 40, '2026-04-21 13:00:00', 'Preporucena terapija za Sindrom iritabilnog crijeva', b'0', NULL, 'Praćenje kroz obiteljsku medicinu', '2026-01-01 08:00:00', '2026-01-01 08:00:00'),
(41, 41, '2026-04-22 13:00:00', 'Preporucena terapija za Koksartroza', b'0', NULL, 'Praćenje kroz obiteljsku medicinu', '2026-01-01 08:00:00', '2026-01-01 08:00:00'),
(42, 42, '2026-04-23 13:00:00', 'Preporucena terapija za Osteoporoza bez patoloskog prijeloma', b'1', '2026-06-01', 'Praćenje kroz obiteljsku medicinu', '2026-01-01 08:00:00', '2026-01-01 08:00:00'),
(43, 43, '2026-04-24 13:00:00', 'Preporucena terapija za Seropozitivni reumatoidni artritis', b'0', NULL, 'Praćenje kroz obiteljsku medicinu', '2026-01-01 08:00:00', '2026-01-01 08:00:00'),
(44, 44, '2026-04-25 13:00:00', 'Preporucena terapija za Kasalj', b'0', NULL, 'Praćenje kroz obiteljsku medicinu', '2026-01-01 08:00:00', '2026-01-01 08:00:00'),
(45, 45, '2026-04-26 13:00:00', 'Preporucena terapija za Poremecaji disanja', b'1', '2026-06-04', 'Praćenje kroz obiteljsku medicinu', '2026-01-01 08:00:00', '2026-01-01 08:00:00'),
(46, 46, '2026-04-27 13:00:00', 'Preporucena terapija za Povisena razina glukoze u krvi', b'0', NULL, 'Praćenje kroz obiteljsku medicinu', '2026-01-01 08:00:00', '2026-01-01 08:00:00'),
(47, 47, '2026-04-28 13:00:00', 'Preporucena terapija za Opci lijecnicki pregled', b'0', NULL, 'Praćenje kroz obiteljsku medicinu', '2026-01-01 08:00:00', '2026-01-01 08:00:00'),
(48, 48, '2026-04-29 13:00:00', 'Preporucena terapija za Ostali posebni pregledi i ispitivanja', b'1', '2026-06-07', 'Praćenje kroz obiteljsku medicinu', '2026-01-01 08:00:00', '2026-01-01 08:00:00'),
(49, 49, '2026-04-30 13:00:00', 'Preporucena terapija za Posebni probirni pregled', b'0', NULL, 'Praćenje kroz obiteljsku medicinu', '2026-01-01 08:00:00', '2026-01-01 08:00:00'),
(50, 50, '2026-05-01 13:00:00', 'Preporucena terapija za Osobe koje traze savjete i upute', b'0', NULL, 'Praćenje kroz obiteljsku medicinu', '2026-01-01 08:00:00', '2026-01-01 08:00:00');

INSERT INTO preporuceni_lijek (id_terapija, naziv_lijeka, doziranje, uputa, trajanje_dana, napomena, vrijeme_kreiranja, vrijeme_azuriranja) VALUES
(1, 'Paracetamol 500 mg', '1-0-1', 'Uzeti nakon obroka, prema uputi lijecnika', 8, 'Kontrolirati nuspojave', '2026-01-01 08:00:00', '2026-01-01 08:00:00'),
(2, 'Ibuprofen 400 mg', '1-0-1', 'Uzeti nakon obroka, prema uputi lijecnika', 9, 'Kontrolirati nuspojave', '2026-01-01 08:00:00', '2026-01-01 08:00:00'),
(3, 'Amoksicilin 875/125 mg', '1-0-1', 'Uzeti nakon obroka, prema uputi lijecnika', 10, 'Kontrolirati nuspojave', '2026-01-01 08:00:00', '2026-01-01 08:00:00'),
(4, 'Azitromicin 500 mg', '1-0-1', 'Uzeti nakon obroka, prema uputi lijecnika', 11, 'Kontrolirati nuspojave', '2026-01-01 08:00:00', '2026-01-01 08:00:00'),
(5, 'Metformin 1000 mg', '1-0-1', 'Uzeti nakon obroka, prema uputi lijecnika', 12, 'Kontrolirati nuspojave', '2026-01-01 08:00:00', '2026-01-01 08:00:00'),
(6, 'Amlodipin 5 mg', '1-0-1', 'Uzeti nakon obroka, prema uputi lijecnika', 13, 'Kontrolirati nuspojave', '2026-01-01 08:00:00', '2026-01-01 08:00:00'),
(7, 'Ramipril 5 mg', '1-0-1', 'Uzeti nakon obroka, prema uputi lijecnika', 14, 'Kontrolirati nuspojave', '2026-01-01 08:00:00', '2026-01-01 08:00:00'),
(8, 'Bisoprolol 5 mg', '1-0-1', 'Uzeti nakon obroka, prema uputi lijecnika', 15, 'Kontrolirati nuspojave', '2026-01-01 08:00:00', '2026-01-01 08:00:00'),
(9, 'Atorvastatin 20 mg', '1-0-1', 'Uzeti nakon obroka, prema uputi lijecnika', 16, 'Kontrolirati nuspojave', '2026-01-01 08:00:00', '2026-01-01 08:00:00'),
(10, 'Pantoprazol 40 mg', '1-0-1', 'Uzeti nakon obroka, prema uputi lijecnika', 17, 'Kontrolirati nuspojave', '2026-01-01 08:00:00', '2026-01-01 08:00:00'),
(11, 'Levotiroksin 50 mcg', '1-0-1', 'Uzeti nakon obroka, prema uputi lijecnika', 18, 'Kontrolirati nuspojave', '2026-01-01 08:00:00', '2026-01-01 08:00:00'),
(12, 'Sertralin 50 mg', '1-0-1', 'Uzeti nakon obroka, prema uputi lijecnika', 19, 'Kontrolirati nuspojave', '2026-01-01 08:00:00', '2026-01-01 08:00:00'),
(13, 'Escitalopram 10 mg', '1-0-1', 'Uzeti nakon obroka, prema uputi lijecnika', 20, 'Kontrolirati nuspojave', '2026-01-01 08:00:00', '2026-01-01 08:00:00'),
(14, 'Salbutamol inhaler 100 mcg', '1-0-1', 'Uzeti nakon obroka, prema uputi lijecnika', 7, 'Kontrolirati nuspojave', '2026-01-01 08:00:00', '2026-01-01 08:00:00'),
(15, 'Budezonid/formoterol 160/4.5 mcg', '1-0-1', 'Uzeti nakon obroka, prema uputi lijecnika', 8, 'Kontrolirati nuspojave', '2026-01-01 08:00:00', '2026-01-01 08:00:00'),
(16, 'Furosemid 40 mg', '1-0-1', 'Uzeti nakon obroka, prema uputi lijecnika', 9, 'Kontrolirati nuspojave', '2026-01-01 08:00:00', '2026-01-01 08:00:00'),
(17, 'Spironolakton 25 mg', '1-0-1', 'Uzeti nakon obroka, prema uputi lijecnika', 10, 'Kontrolirati nuspojave', '2026-01-01 08:00:00', '2026-01-01 08:00:00'),
(18, 'Klopidogrel 75 mg', '1-0-1', 'Uzeti nakon obroka, prema uputi lijecnika', 11, 'Kontrolirati nuspojave', '2026-01-01 08:00:00', '2026-01-01 08:00:00'),
(19, 'Acetilsalicilna kiselina 100 mg', '1-0-1', 'Uzeti nakon obroka, prema uputi lijecnika', 12, 'Kontrolirati nuspojave', '2026-01-01 08:00:00', '2026-01-01 08:00:00'),
(20, 'Vitamin D3 2000 IU', '1-0-1', 'Uzeti nakon obroka, prema uputi lijecnika', 13, 'Kontrolirati nuspojave', '2026-01-01 08:00:00', '2026-01-01 08:00:00'),
(21, 'Paracetamol 500 mg', '1-0-1', 'Uzeti nakon obroka, prema uputi lijecnika', 14, 'Kontrolirati nuspojave', '2026-01-01 08:00:00', '2026-01-01 08:00:00'),
(22, 'Ibuprofen 400 mg', '1-0-1', 'Uzeti nakon obroka, prema uputi lijecnika', 15, 'Kontrolirati nuspojave', '2026-01-01 08:00:00', '2026-01-01 08:00:00'),
(23, 'Amoksicilin 875/125 mg', '1-0-1', 'Uzeti nakon obroka, prema uputi lijecnika', 16, 'Kontrolirati nuspojave', '2026-01-01 08:00:00', '2026-01-01 08:00:00'),
(24, 'Azitromicin 500 mg', '1-0-1', 'Uzeti nakon obroka, prema uputi lijecnika', 17, 'Kontrolirati nuspojave', '2026-01-01 08:00:00', '2026-01-01 08:00:00'),
(25, 'Metformin 1000 mg', '1-0-1', 'Uzeti nakon obroka, prema uputi lijecnika', 18, 'Kontrolirati nuspojave', '2026-01-01 08:00:00', '2026-01-01 08:00:00'),
(26, 'Amlodipin 5 mg', '1-0-1', 'Uzeti nakon obroka, prema uputi lijecnika', 19, 'Kontrolirati nuspojave', '2026-01-01 08:00:00', '2026-01-01 08:00:00'),
(27, 'Ramipril 5 mg', '1-0-1', 'Uzeti nakon obroka, prema uputi lijecnika', 20, 'Kontrolirati nuspojave', '2026-01-01 08:00:00', '2026-01-01 08:00:00'),
(28, 'Bisoprolol 5 mg', '1-0-1', 'Uzeti nakon obroka, prema uputi lijecnika', 7, 'Kontrolirati nuspojave', '2026-01-01 08:00:00', '2026-01-01 08:00:00'),
(29, 'Atorvastatin 20 mg', '1-0-1', 'Uzeti nakon obroka, prema uputi lijecnika', 8, 'Kontrolirati nuspojave', '2026-01-01 08:00:00', '2026-01-01 08:00:00'),
(30, 'Pantoprazol 40 mg', '1-0-1', 'Uzeti nakon obroka, prema uputi lijecnika', 9, 'Kontrolirati nuspojave', '2026-01-01 08:00:00', '2026-01-01 08:00:00'),
(31, 'Levotiroksin 50 mcg', '1-0-1', 'Uzeti nakon obroka, prema uputi lijecnika', 10, 'Kontrolirati nuspojave', '2026-01-01 08:00:00', '2026-01-01 08:00:00'),
(32, 'Sertralin 50 mg', '1-0-1', 'Uzeti nakon obroka, prema uputi lijecnika', 11, 'Kontrolirati nuspojave', '2026-01-01 08:00:00', '2026-01-01 08:00:00'),
(33, 'Escitalopram 10 mg', '1-0-1', 'Uzeti nakon obroka, prema uputi lijecnika', 12, 'Kontrolirati nuspojave', '2026-01-01 08:00:00', '2026-01-01 08:00:00'),
(34, 'Salbutamol inhaler 100 mcg', '1-0-1', 'Uzeti nakon obroka, prema uputi lijecnika', 13, 'Kontrolirati nuspojave', '2026-01-01 08:00:00', '2026-01-01 08:00:00'),
(35, 'Budezonid/formoterol 160/4.5 mcg', '1-0-1', 'Uzeti nakon obroka, prema uputi lijecnika', 14, 'Kontrolirati nuspojave', '2026-01-01 08:00:00', '2026-01-01 08:00:00'),
(36, 'Furosemid 40 mg', '1-0-1', 'Uzeti nakon obroka, prema uputi lijecnika', 15, 'Kontrolirati nuspojave', '2026-01-01 08:00:00', '2026-01-01 08:00:00'),
(37, 'Spironolakton 25 mg', '1-0-1', 'Uzeti nakon obroka, prema uputi lijecnika', 16, 'Kontrolirati nuspojave', '2026-01-01 08:00:00', '2026-01-01 08:00:00'),
(38, 'Klopidogrel 75 mg', '1-0-1', 'Uzeti nakon obroka, prema uputi lijecnika', 17, 'Kontrolirati nuspojave', '2026-01-01 08:00:00', '2026-01-01 08:00:00'),
(39, 'Acetilsalicilna kiselina 100 mg', '1-0-1', 'Uzeti nakon obroka, prema uputi lijecnika', 18, 'Kontrolirati nuspojave', '2026-01-01 08:00:00', '2026-01-01 08:00:00'),
(40, 'Vitamin D3 2000 IU', '1-0-1', 'Uzeti nakon obroka, prema uputi lijecnika', 19, 'Kontrolirati nuspojave', '2026-01-01 08:00:00', '2026-01-01 08:00:00'),
(41, 'Paracetamol 500 mg', '1-0-1', 'Uzeti nakon obroka, prema uputi lijecnika', 20, 'Kontrolirati nuspojave', '2026-01-01 08:00:00', '2026-01-01 08:00:00'),
(42, 'Ibuprofen 400 mg', '1-0-1', 'Uzeti nakon obroka, prema uputi lijecnika', 7, 'Kontrolirati nuspojave', '2026-01-01 08:00:00', '2026-01-01 08:00:00'),
(43, 'Amoksicilin 875/125 mg', '1-0-1', 'Uzeti nakon obroka, prema uputi lijecnika', 8, 'Kontrolirati nuspojave', '2026-01-01 08:00:00', '2026-01-01 08:00:00'),
(44, 'Azitromicin 500 mg', '1-0-1', 'Uzeti nakon obroka, prema uputi lijecnika', 9, 'Kontrolirati nuspojave', '2026-01-01 08:00:00', '2026-01-01 08:00:00'),
(45, 'Metformin 1000 mg', '1-0-1', 'Uzeti nakon obroka, prema uputi lijecnika', 10, 'Kontrolirati nuspojave', '2026-01-01 08:00:00', '2026-01-01 08:00:00'),
(46, 'Amlodipin 5 mg', '1-0-1', 'Uzeti nakon obroka, prema uputi lijecnika', 11, 'Kontrolirati nuspojave', '2026-01-01 08:00:00', '2026-01-01 08:00:00'),
(47, 'Ramipril 5 mg', '1-0-1', 'Uzeti nakon obroka, prema uputi lijecnika', 12, 'Kontrolirati nuspojave', '2026-01-01 08:00:00', '2026-01-01 08:00:00'),
(48, 'Bisoprolol 5 mg', '1-0-1', 'Uzeti nakon obroka, prema uputi lijecnika', 13, 'Kontrolirati nuspojave', '2026-01-01 08:00:00', '2026-01-01 08:00:00'),
(49, 'Atorvastatin 20 mg', '1-0-1', 'Uzeti nakon obroka, prema uputi lijecnika', 14, 'Kontrolirati nuspojave', '2026-01-01 08:00:00', '2026-01-01 08:00:00'),
(50, 'Pantoprazol 40 mg', '1-0-1', 'Uzeti nakon obroka, prema uputi lijecnika', 15, 'Kontrolirati nuspojave', '2026-01-01 08:00:00', '2026-01-01 08:00:00');

INSERT INTO nacin_placanja (sifra, naziv, vrijeme_kreiranja, vrijeme_azuriranja) VALUES
('GOTOVINA', 'Gotovina', '2026-01-01 08:00:00', '2026-01-01 08:00:00'),
('KARTICA', 'Platna kartica', '2026-01-01 08:00:00', '2026-01-01 08:00:00'),
('VIRMAN', 'Transakcijski racun', '2026-01-01 08:00:00', '2026-01-01 08:00:00'),
('DOPUNSKO', 'Dopunsko osiguranje', '2026-01-01 08:00:00', '2026-01-01 08:00:00'),
('PRIVATNO', 'Privatno zdravstveno osiguranje', '2026-01-01 08:00:00', '2026-01-01 08:00:00'),
('MOD006', 'Specijalni model placanja 6', '2026-01-01 08:00:00', '2026-01-01 08:00:00'),
('MOD007', 'Specijalni model placanja 7', '2026-01-01 08:00:00', '2026-01-01 08:00:00'),
('MOD008', 'Specijalni model placanja 8', '2026-01-01 08:00:00', '2026-01-01 08:00:00'),
('MOD009', 'Specijalni model placanja 9', '2026-01-01 08:00:00', '2026-01-01 08:00:00'),
('MOD010', 'Specijalni model placanja 10', '2026-01-01 08:00:00', '2026-01-01 08:00:00'),
('MOD011', 'Specijalni model placanja 11', '2026-01-01 08:00:00', '2026-01-01 08:00:00'),
('MOD012', 'Specijalni model placanja 12', '2026-01-01 08:00:00', '2026-01-01 08:00:00'),
('MOD013', 'Specijalni model placanja 13', '2026-01-01 08:00:00', '2026-01-01 08:00:00'),
('MOD014', 'Specijalni model placanja 14', '2026-01-01 08:00:00', '2026-01-01 08:00:00'),
('MOD015', 'Specijalni model placanja 15', '2026-01-01 08:00:00', '2026-01-01 08:00:00'),
('MOD016', 'Specijalni model placanja 16', '2026-01-01 08:00:00', '2026-01-01 08:00:00'),
('MOD017', 'Specijalni model placanja 17', '2026-01-01 08:00:00', '2026-01-01 08:00:00'),
('MOD018', 'Specijalni model placanja 18', '2026-01-01 08:00:00', '2026-01-01 08:00:00'),
('MOD019', 'Specijalni model placanja 19', '2026-01-01 08:00:00', '2026-01-01 08:00:00'),
('MOD020', 'Specijalni model placanja 20', '2026-01-01 08:00:00', '2026-01-01 08:00:00'),
('MOD021', 'Specijalni model placanja 21', '2026-01-01 08:00:00', '2026-01-01 08:00:00'),
('MOD022', 'Specijalni model placanja 22', '2026-01-01 08:00:00', '2026-01-01 08:00:00'),
('MOD023', 'Specijalni model placanja 23', '2026-01-01 08:00:00', '2026-01-01 08:00:00'),
('MOD024', 'Specijalni model placanja 24', '2026-01-01 08:00:00', '2026-01-01 08:00:00'),
('MOD025', 'Specijalni model placanja 25', '2026-01-01 08:00:00', '2026-01-01 08:00:00'),
('MOD026', 'Specijalni model placanja 26', '2026-01-01 08:00:00', '2026-01-01 08:00:00'),
('MOD027', 'Specijalni model placanja 27', '2026-01-01 08:00:00', '2026-01-01 08:00:00'),
('MOD028', 'Specijalni model placanja 28', '2026-01-01 08:00:00', '2026-01-01 08:00:00'),
('MOD029', 'Specijalni model placanja 29', '2026-01-01 08:00:00', '2026-01-01 08:00:00'),
('MOD030', 'Specijalni model placanja 30', '2026-01-01 08:00:00', '2026-01-01 08:00:00'),
('MOD031', 'Specijalni model placanja 31', '2026-01-01 08:00:00', '2026-01-01 08:00:00'),
('MOD032', 'Specijalni model placanja 32', '2026-01-01 08:00:00', '2026-01-01 08:00:00'),
('MOD033', 'Specijalni model placanja 33', '2026-01-01 08:00:00', '2026-01-01 08:00:00'),
('MOD034', 'Specijalni model placanja 34', '2026-01-01 08:00:00', '2026-01-01 08:00:00'),
('MOD035', 'Specijalni model placanja 35', '2026-01-01 08:00:00', '2026-01-01 08:00:00'),
('MOD036', 'Specijalni model placanja 36', '2026-01-01 08:00:00', '2026-01-01 08:00:00'),
('MOD037', 'Specijalni model placanja 37', '2026-01-01 08:00:00', '2026-01-01 08:00:00'),
('MOD038', 'Specijalni model placanja 38', '2026-01-01 08:00:00', '2026-01-01 08:00:00'),
('MOD039', 'Specijalni model placanja 39', '2026-01-01 08:00:00', '2026-01-01 08:00:00'),
('MOD040', 'Specijalni model placanja 40', '2026-01-01 08:00:00', '2026-01-01 08:00:00'),
('MOD041', 'Specijalni model placanja 41', '2026-01-01 08:00:00', '2026-01-01 08:00:00'),
('MOD042', 'Specijalni model placanja 42', '2026-01-01 08:00:00', '2026-01-01 08:00:00'),
('MOD043', 'Specijalni model placanja 43', '2026-01-01 08:00:00', '2026-01-01 08:00:00'),
('MOD044', 'Specijalni model placanja 44', '2026-01-01 08:00:00', '2026-01-01 08:00:00'),
('MOD045', 'Specijalni model placanja 45', '2026-01-01 08:00:00', '2026-01-01 08:00:00'),
('MOD046', 'Specijalni model placanja 46', '2026-01-01 08:00:00', '2026-01-01 08:00:00'),
('MOD047', 'Specijalni model placanja 47', '2026-01-01 08:00:00', '2026-01-01 08:00:00'),
('MOD048', 'Specijalni model placanja 48', '2026-01-01 08:00:00', '2026-01-01 08:00:00'),
('MOD049', 'Specijalni model placanja 49', '2026-01-01 08:00:00', '2026-01-01 08:00:00'),
('MOD050', 'Specijalni model placanja 50', '2026-01-01 08:00:00', '2026-01-01 08:00:00');

INSERT INTO racun (broj_racuna, id_pacijent, id_pregled, status_racuna, datum_izdavanja, datum_dospijeca, valuta, ukupno_bez_poreza, ukupni_porez, ukupni_popust, ukupno_za_placanje, napomena, vrijeme_kreiranja, vrijeme_azuriranja) VALUES
('RAC-2026-00001', NULL, 1, 'NACRT', '2026-03-21', '2026-04-05', 'EUR', '35.00', '8.75', '0.00', '43.75', 'Racun za zdravstvenu uslugu', '2026-01-01 08:00:00', '2026-01-01 08:00:00'),
('RAC-2026-00002', NULL, 2, 'IZDAN', '2026-03-22', '2026-04-06', 'EUR', '45.00', '11.25', '0.00', '56.25', 'Racun za zdravstvenu uslugu', '2026-01-01 08:00:00', '2026-01-01 08:00:00'),
('RAC-2026-00003', NULL, 3, 'PLACEN', '2026-03-23', '2026-04-07', 'EUR', '18.00', '4.50', '0.00', '22.50', 'Racun za zdravstvenu uslugu', '2026-01-01 08:00:00', '2026-01-01 08:00:00'),
('RAC-2026-00004', NULL, 4, 'STORNO', '2026-03-24', '2026-04-08', 'EUR', '70.00', '17.50', '0.00', '87.50', 'Racun za zdravstvenu uslugu', '2026-01-01 08:00:00', '2026-01-01 08:00:00'),
('RAC-2026-00005', NULL, 5, 'NACRT', '2026-03-25', '2026-04-09', 'EUR', '85.00', '21.25', '0.00', '106.25', 'Racun za zdravstvenu uslugu', '2026-01-01 08:00:00', '2026-01-01 08:00:00'),
('RAC-2026-00006', NULL, 6, 'IZDAN', '2026-03-26', '2026-04-10', 'EUR', '50.00', '12.50', '0.00', '62.50', 'Racun za zdravstvenu uslugu', '2026-01-01 08:00:00', '2026-01-01 08:00:00'),
('RAC-2026-00007', NULL, 7, 'PLACEN', '2026-03-27', '2026-04-11', 'EUR', '90.00', '22.50', '0.00', '112.50', 'Racun za zdravstvenu uslugu', '2026-01-01 08:00:00', '2026-01-01 08:00:00'),
('RAC-2026-00008', NULL, 8, 'STORNO', '2026-03-28', '2026-04-12', 'EUR', '120.00', '30.00', '5.00', '145.00', 'Racun za zdravstvenu uslugu', '2026-01-01 08:00:00', '2026-01-01 08:00:00'),
('RAC-2026-00009', NULL, 9, 'NACRT', '2026-03-29', '2026-04-13', 'EUR', '55.00', '13.75', '0.00', '68.75', 'Racun za zdravstvenu uslugu', '2026-01-01 08:00:00', '2026-01-01 08:00:00'),
('RAC-2026-00010', NULL, 10, 'IZDAN', '2026-03-30', '2026-04-14', 'EUR', '20.00', '5.00', '0.00', '25.00', 'Racun za zdravstvenu uslugu', '2026-01-01 08:00:00', '2026-01-01 08:00:00'),
('RAC-2026-00011', NULL, 11, 'PLACEN', '2026-03-31', '2026-04-15', 'EUR', '50.00', '12.50', '0.00', '62.50', 'Racun za zdravstvenu uslugu', '2026-01-01 08:00:00', '2026-01-01 08:00:00'),
('RAC-2026-00012', NULL, 12, 'STORNO', '2026-04-01', '2026-04-16', 'EUR', '60.00', '15.00', '0.00', '75.00', 'Racun za zdravstvenu uslugu', '2026-01-01 08:00:00', '2026-01-01 08:00:00'),
('RAC-2026-00013', NULL, 13, 'NACRT', '2026-04-02', '2026-04-17', 'EUR', '140.00', '35.00', '0.00', '175.00', 'Racun za zdravstvenu uslugu', '2026-01-01 08:00:00', '2026-01-01 08:00:00'),
('RAC-2026-00014', NULL, 14, 'IZDAN', '2026-04-03', '2026-04-18', 'EUR', '180.00', '45.00', '0.00', '225.00', 'Racun za zdravstvenu uslugu', '2026-01-01 08:00:00', '2026-01-01 08:00:00'),
('RAC-2026-00015', NULL, 15, 'PLACEN', '2026-04-04', '2026-04-19', 'EUR', '50.00', '12.50', '0.00', '62.50', 'Racun za zdravstvenu uslugu', '2026-01-01 08:00:00', '2026-01-01 08:00:00'),
('RAC-2026-00016', NULL, 16, 'STORNO', '2026-04-05', '2026-04-20', 'EUR', '52.00', '13.00', '5.00', '60.00', 'Racun za zdravstvenu uslugu', '2026-01-01 08:00:00', '2026-01-01 08:00:00'),
('RAC-2026-00017', NULL, 17, 'NACRT', '2026-04-06', '2026-04-21', 'EUR', '45.00', '11.25', '0.00', '56.25', 'Racun za zdravstvenu uslugu', '2026-01-01 08:00:00', '2026-01-01 08:00:00'),
('RAC-2026-00018', NULL, 18, 'IZDAN', '2026-04-07', '2026-04-22', 'EUR', '35.00', '8.75', '0.00', '43.75', 'Racun za zdravstvenu uslugu', '2026-01-01 08:00:00', '2026-01-01 08:00:00'),
('RAC-2026-00019', NULL, 19, 'PLACEN', '2026-04-08', '2026-04-23', 'EUR', '48.00', '12.00', '0.00', '60.00', 'Racun za zdravstvenu uslugu', '2026-01-01 08:00:00', '2026-01-01 08:00:00'),
('RAC-2026-00020', NULL, 20, 'STORNO', '2026-04-09', '2026-04-24', 'EUR', '15.00', '3.75', '0.00', '18.75', 'Racun za zdravstvenu uslugu', '2026-01-01 08:00:00', '2026-01-01 08:00:00'),
('RAC-2026-00021', NULL, 21, 'NACRT', '2026-04-10', '2026-04-25', 'EUR', '65.00', '16.25', '0.00', '81.25', 'Racun za zdravstvenu uslugu', '2026-01-01 08:00:00', '2026-01-01 08:00:00'),
('RAC-2026-00022', NULL, 22, 'IZDAN', '2026-04-11', '2026-04-26', 'EUR', '40.00', '10.00', '0.00', '50.00', 'Racun za zdravstvenu uslugu', '2026-01-01 08:00:00', '2026-01-01 08:00:00'),
('RAC-2026-00023', NULL, 23, 'PLACEN', '2026-04-12', '2026-04-27', 'EUR', '30.00', '7.50', '0.00', '37.50', 'Racun za zdravstvenu uslugu', '2026-01-01 08:00:00', '2026-01-01 08:00:00'),
('RAC-2026-00024', NULL, 24, 'STORNO', '2026-04-13', '2026-04-28', 'EUR', '28.00', '7.00', '5.00', '30.00', 'Racun za zdravstvenu uslugu', '2026-01-01 08:00:00', '2026-01-01 08:00:00'),
('RAC-2026-00025', NULL, 25, 'NACRT', '2026-04-14', '2026-04-29', 'EUR', '52.00', '13.00', '0.00', '65.00', 'Racun za zdravstvenu uslugu', '2026-01-01 08:00:00', '2026-01-01 08:00:00'),
('RAC-2026-00026', NULL, 26, 'IZDAN', '2026-04-15', '2026-04-30', 'EUR', '25.00', '6.25', '0.00', '31.25', 'Racun za zdravstvenu uslugu', '2026-01-01 08:00:00', '2026-01-01 08:00:00'),
('RAC-2026-00027', NULL, 27, 'PLACEN', '2026-04-16', '2026-05-01', 'EUR', '190.00', '47.50', '0.00', '237.50', 'Racun za zdravstvenu uslugu', '2026-01-01 08:00:00', '2026-01-01 08:00:00'),
('RAC-2026-00028', NULL, 28, 'STORNO', '2026-04-17', '2026-05-02', 'EUR', '160.00', '40.00', '0.00', '200.00', 'Racun za zdravstvenu uslugu', '2026-01-01 08:00:00', '2026-01-01 08:00:00'),
('RAC-2026-00029', NULL, 29, 'NACRT', '2026-04-18', '2026-05-03', 'EUR', '42.00', '10.50', '0.00', '52.50', 'Racun za zdravstvenu uslugu', '2026-01-01 08:00:00', '2026-01-01 08:00:00'),
('RAC-2026-00030', NULL, 30, 'IZDAN', '2026-04-19', '2026-05-04', 'EUR', '58.00', '14.50', '0.00', '72.50', 'Racun za zdravstvenu uslugu', '2026-01-01 08:00:00', '2026-01-01 08:00:00'),
('RAC-2026-00031', NULL, 31, 'PLACEN', '2026-04-20', '2026-05-05', 'EUR', '55.00', '13.75', '0.00', '68.75', 'Racun za zdravstvenu uslugu', '2026-01-01 08:00:00', '2026-01-01 08:00:00'),
('RAC-2026-00032', NULL, 32, 'STORNO', '2026-04-21', '2026-05-06', 'EUR', '45.00', '11.25', '5.00', '51.25', 'Racun za zdravstvenu uslugu', '2026-01-01 08:00:00', '2026-01-01 08:00:00'),
('RAC-2026-00033', NULL, 33, 'NACRT', '2026-04-22', '2026-05-07', 'EUR', '22.00', '5.50', '0.00', '27.50', 'Racun za zdravstvenu uslugu', '2026-01-01 08:00:00', '2026-01-01 08:00:00'),
('RAC-2026-00034', NULL, 34, 'IZDAN', '2026-04-23', '2026-05-08', 'EUR', '48.00', '12.00', '0.00', '60.00', 'Racun za zdravstvenu uslugu', '2026-01-01 08:00:00', '2026-01-01 08:00:00'),
('RAC-2026-00035', NULL, 35, 'PLACEN', '2026-04-24', '2026-05-09', 'EUR', '22.00', '5.50', '0.00', '27.50', 'Racun za zdravstvenu uslugu', '2026-01-01 08:00:00', '2026-01-01 08:00:00'),
('RAC-2026-00036', NULL, 36, 'STORNO', '2026-04-25', '2026-05-10', 'EUR', '38.00', '9.50', '0.00', '47.50', 'Racun za zdravstvenu uslugu', '2026-01-01 08:00:00', '2026-01-01 08:00:00'),
('RAC-2026-00037', NULL, 37, 'NACRT', '2026-04-26', '2026-05-11', 'EUR', '45.00', '11.25', '0.00', '56.25', 'Racun za zdravstvenu uslugu', '2026-01-01 08:00:00', '2026-01-01 08:00:00'),
('RAC-2026-00038', NULL, 38, 'IZDAN', '2026-04-27', '2026-05-12', 'EUR', '12.00', '3.00', '0.00', '15.00', 'Racun za zdravstvenu uslugu', '2026-01-01 08:00:00', '2026-01-01 08:00:00'),
('RAC-2026-00039', NULL, 39, 'PLACEN', '2026-04-28', '2026-05-13', 'EUR', '10.00', '2.50', '0.00', '12.50', 'Racun za zdravstvenu uslugu', '2026-01-01 08:00:00', '2026-01-01 08:00:00'),
('RAC-2026-00040', NULL, 40, 'STORNO', '2026-04-29', '2026-05-14', 'EUR', '14.00', '3.50', '5.00', '12.50', 'Racun za zdravstvenu uslugu', '2026-01-01 08:00:00', '2026-01-01 08:00:00'),
('RAC-2026-00041', NULL, 41, 'NACRT', '2026-04-30', '2026-05-15', 'EUR', '24.00', '6.00', '0.00', '30.00', 'Racun za zdravstvenu uslugu', '2026-01-01 08:00:00', '2026-01-01 08:00:00'),
('RAC-2026-00042', NULL, 42, 'IZDAN', '2026-05-01', '2026-05-16', 'EUR', '16.00', '4.00', '0.00', '20.00', 'Racun za zdravstvenu uslugu', '2026-01-01 08:00:00', '2026-01-01 08:00:00'),
('RAC-2026-00043', NULL, 43, 'PLACEN', '2026-05-02', '2026-05-17', 'EUR', '12.00', '3.00', '0.00', '15.00', 'Racun za zdravstvenu uslugu', '2026-01-01 08:00:00', '2026-01-01 08:00:00'),
('RAC-2026-00044', NULL, 44, 'STORNO', '2026-05-03', '2026-05-18', 'EUR', '18.00', '4.50', '0.00', '22.50', 'Racun za zdravstvenu uslugu', '2026-01-01 08:00:00', '2026-01-01 08:00:00'),
('RAC-2026-00045', NULL, 45, 'NACRT', '2026-05-04', '2026-05-19', 'EUR', '65.00', '16.25', '0.00', '81.25', 'Racun za zdravstvenu uslugu', '2026-01-01 08:00:00', '2026-01-01 08:00:00'),
('RAC-2026-00046', NULL, 46, 'IZDAN', '2026-05-05', '2026-05-20', 'EUR', '80.00', '20.00', '0.00', '100.00', 'Racun za zdravstvenu uslugu', '2026-01-01 08:00:00', '2026-01-01 08:00:00'),
('RAC-2026-00047', NULL, 47, 'PLACEN', '2026-05-06', '2026-05-21', 'EUR', '35.00', '8.75', '0.00', '43.75', 'Racun za zdravstvenu uslugu', '2026-01-01 08:00:00', '2026-01-01 08:00:00'),
('RAC-2026-00048', NULL, 48, 'STORNO', '2026-05-07', '2026-05-22', 'EUR', '20.00', '5.00', '5.00', '20.00', 'Racun za zdravstvenu uslugu', '2026-01-01 08:00:00', '2026-01-01 08:00:00'),
('RAC-2026-00049', NULL, 49, 'NACRT', '2026-05-08', '2026-05-23', 'EUR', '18.00', '4.50', '0.00', '22.50', 'Racun za zdravstvenu uslugu', '2026-01-01 08:00:00', '2026-01-01 08:00:00'),
('RAC-2026-00050', NULL, 50, 'IZDAN', '2026-05-09', '2026-05-24', 'EUR', '30.00', '7.50', '0.00', '37.50', 'Racun za zdravstvenu uslugu', '2026-01-01 08:00:00', '2026-01-01 08:00:00');

INSERT INTO privitak (id_pregled, id_nalaz, id_uputnica, id_racun, tip_privitka, naziv_datoteke, mime_tip, velicina_u_bajtovima, putanja_datoteke, napomena, vrijeme_kreiranja, vrijeme_azuriranja) VALUES
(NULL, NULL, NULL, 1, 'PDF', 'racun_1.pdf', 'application/pdf', 15050, '/docs/racuni/2026/racun_1.pdf', 'Digitalna preslika racuna', '2026-01-01 08:00:00', '2026-01-01 08:00:00'),
(NULL, NULL, NULL, 2, 'PDF', 'racun_2.pdf', 'application/pdf', 15100, '/docs/racuni/2026/racun_2.pdf', 'Digitalna preslika racuna', '2026-01-01 08:00:00', '2026-01-01 08:00:00'),
(NULL, NULL, NULL, 3, 'PDF', 'racun_3.pdf', 'application/pdf', 15150, '/docs/racuni/2026/racun_3.pdf', 'Digitalna preslika racuna', '2026-01-01 08:00:00', '2026-01-01 08:00:00'),
(NULL, NULL, NULL, 4, 'PDF', 'racun_4.pdf', 'application/pdf', 15200, '/docs/racuni/2026/racun_4.pdf', 'Digitalna preslika racuna', '2026-01-01 08:00:00', '2026-01-01 08:00:00'),
(NULL, NULL, NULL, 5, 'PDF', 'racun_5.pdf', 'application/pdf', 15250, '/docs/racuni/2026/racun_5.pdf', 'Digitalna preslika racuna', '2026-01-01 08:00:00', '2026-01-01 08:00:00'),
(NULL, NULL, NULL, 6, 'PDF', 'racun_6.pdf', 'application/pdf', 15300, '/docs/racuni/2026/racun_6.pdf', 'Digitalna preslika racuna', '2026-01-01 08:00:00', '2026-01-01 08:00:00'),
(NULL, NULL, NULL, 7, 'PDF', 'racun_7.pdf', 'application/pdf', 15350, '/docs/racuni/2026/racun_7.pdf', 'Digitalna preslika racuna', '2026-01-01 08:00:00', '2026-01-01 08:00:00'),
(NULL, NULL, NULL, 8, 'PDF', 'racun_8.pdf', 'application/pdf', 15400, '/docs/racuni/2026/racun_8.pdf', 'Digitalna preslika racuna', '2026-01-01 08:00:00', '2026-01-01 08:00:00'),
(NULL, NULL, NULL, 9, 'PDF', 'racun_9.pdf', 'application/pdf', 15450, '/docs/racuni/2026/racun_9.pdf', 'Digitalna preslika racuna', '2026-01-01 08:00:00', '2026-01-01 08:00:00'),
(NULL, NULL, NULL, 10, 'PDF', 'racun_10.pdf', 'application/pdf', 15500, '/docs/racuni/2026/racun_10.pdf', 'Digitalna preslika racuna', '2026-01-01 08:00:00', '2026-01-01 08:00:00'),
(NULL, NULL, NULL, 11, 'PDF', 'racun_11.pdf', 'application/pdf', 15550, '/docs/racuni/2026/racun_11.pdf', 'Digitalna preslika racuna', '2026-01-01 08:00:00', '2026-01-01 08:00:00'),
(NULL, NULL, NULL, 12, 'PDF', 'racun_12.pdf', 'application/pdf', 15600, '/docs/racuni/2026/racun_12.pdf', 'Digitalna preslika racuna', '2026-01-01 08:00:00', '2026-01-01 08:00:00'),
(NULL, NULL, NULL, 13, 'PDF', 'racun_13.pdf', 'application/pdf', 15650, '/docs/racuni/2026/racun_13.pdf', 'Digitalna preslika racuna', '2026-01-01 08:00:00', '2026-01-01 08:00:00'),
(NULL, NULL, NULL, 14, 'PDF', 'racun_14.pdf', 'application/pdf', 15700, '/docs/racuni/2026/racun_14.pdf', 'Digitalna preslika racuna', '2026-01-01 08:00:00', '2026-01-01 08:00:00'),
(NULL, NULL, NULL, 15, 'PDF', 'racun_15.pdf', 'application/pdf', 15750, '/docs/racuni/2026/racun_15.pdf', 'Digitalna preslika racuna', '2026-01-01 08:00:00', '2026-01-01 08:00:00'),
(NULL, NULL, NULL, 16, 'PDF', 'racun_16.pdf', 'application/pdf', 15800, '/docs/racuni/2026/racun_16.pdf', 'Digitalna preslika racuna', '2026-01-01 08:00:00', '2026-01-01 08:00:00'),
(NULL, NULL, NULL, 17, 'PDF', 'racun_17.pdf', 'application/pdf', 15850, '/docs/racuni/2026/racun_17.pdf', 'Digitalna preslika racuna', '2026-01-01 08:00:00', '2026-01-01 08:00:00'),
(NULL, NULL, NULL, 18, 'PDF', 'racun_18.pdf', 'application/pdf', 15900, '/docs/racuni/2026/racun_18.pdf', 'Digitalna preslika racuna', '2026-01-01 08:00:00', '2026-01-01 08:00:00'),
(NULL, NULL, NULL, 19, 'PDF', 'racun_19.pdf', 'application/pdf', 15950, '/docs/racuni/2026/racun_19.pdf', 'Digitalna preslika racuna', '2026-01-01 08:00:00', '2026-01-01 08:00:00'),
(NULL, NULL, NULL, 20, 'PDF', 'racun_20.pdf', 'application/pdf', 16000, '/docs/racuni/2026/racun_20.pdf', 'Digitalna preslika racuna', '2026-01-01 08:00:00', '2026-01-01 08:00:00'),
(NULL, NULL, NULL, 21, 'PDF', 'racun_21.pdf', 'application/pdf', 16050, '/docs/racuni/2026/racun_21.pdf', 'Digitalna preslika racuna', '2026-01-01 08:00:00', '2026-01-01 08:00:00'),
(NULL, NULL, NULL, 22, 'PDF', 'racun_22.pdf', 'application/pdf', 16100, '/docs/racuni/2026/racun_22.pdf', 'Digitalna preslika racuna', '2026-01-01 08:00:00', '2026-01-01 08:00:00'),
(NULL, NULL, NULL, 23, 'PDF', 'racun_23.pdf', 'application/pdf', 16150, '/docs/racuni/2026/racun_23.pdf', 'Digitalna preslika racuna', '2026-01-01 08:00:00', '2026-01-01 08:00:00'),
(NULL, NULL, NULL, 24, 'PDF', 'racun_24.pdf', 'application/pdf', 16200, '/docs/racuni/2026/racun_24.pdf', 'Digitalna preslika racuna', '2026-01-01 08:00:00', '2026-01-01 08:00:00'),
(NULL, NULL, NULL, 25, 'PDF', 'racun_25.pdf', 'application/pdf', 16250, '/docs/racuni/2026/racun_25.pdf', 'Digitalna preslika racuna', '2026-01-01 08:00:00', '2026-01-01 08:00:00'),
(NULL, NULL, NULL, 26, 'PDF', 'racun_26.pdf', 'application/pdf', 16300, '/docs/racuni/2026/racun_26.pdf', 'Digitalna preslika racuna', '2026-01-01 08:00:00', '2026-01-01 08:00:00'),
(NULL, NULL, NULL, 27, 'PDF', 'racun_27.pdf', 'application/pdf', 16350, '/docs/racuni/2026/racun_27.pdf', 'Digitalna preslika racuna', '2026-01-01 08:00:00', '2026-01-01 08:00:00'),
(NULL, NULL, NULL, 28, 'PDF', 'racun_28.pdf', 'application/pdf', 16400, '/docs/racuni/2026/racun_28.pdf', 'Digitalna preslika racuna', '2026-01-01 08:00:00', '2026-01-01 08:00:00'),
(NULL, NULL, NULL, 29, 'PDF', 'racun_29.pdf', 'application/pdf', 16450, '/docs/racuni/2026/racun_29.pdf', 'Digitalna preslika racuna', '2026-01-01 08:00:00', '2026-01-01 08:00:00'),
(NULL, NULL, NULL, 30, 'PDF', 'racun_30.pdf', 'application/pdf', 16500, '/docs/racuni/2026/racun_30.pdf', 'Digitalna preslika racuna', '2026-01-01 08:00:00', '2026-01-01 08:00:00'),
(NULL, NULL, NULL, 31, 'PDF', 'racun_31.pdf', 'application/pdf', 16550, '/docs/racuni/2026/racun_31.pdf', 'Digitalna preslika racuna', '2026-01-01 08:00:00', '2026-01-01 08:00:00'),
(NULL, NULL, NULL, 32, 'PDF', 'racun_32.pdf', 'application/pdf', 16600, '/docs/racuni/2026/racun_32.pdf', 'Digitalna preslika racuna', '2026-01-01 08:00:00', '2026-01-01 08:00:00'),
(NULL, NULL, NULL, 33, 'PDF', 'racun_33.pdf', 'application/pdf', 16650, '/docs/racuni/2026/racun_33.pdf', 'Digitalna preslika racuna', '2026-01-01 08:00:00', '2026-01-01 08:00:00'),
(NULL, NULL, NULL, 34, 'PDF', 'racun_34.pdf', 'application/pdf', 16700, '/docs/racuni/2026/racun_34.pdf', 'Digitalna preslika racuna', '2026-01-01 08:00:00', '2026-01-01 08:00:00'),
(NULL, NULL, NULL, 35, 'PDF', 'racun_35.pdf', 'application/pdf', 16750, '/docs/racuni/2026/racun_35.pdf', 'Digitalna preslika racuna', '2026-01-01 08:00:00', '2026-01-01 08:00:00'),
(NULL, NULL, NULL, 36, 'PDF', 'racun_36.pdf', 'application/pdf', 16800, '/docs/racuni/2026/racun_36.pdf', 'Digitalna preslika racuna', '2026-01-01 08:00:00', '2026-01-01 08:00:00'),
(NULL, NULL, NULL, 37, 'PDF', 'racun_37.pdf', 'application/pdf', 16850, '/docs/racuni/2026/racun_37.pdf', 'Digitalna preslika racuna', '2026-01-01 08:00:00', '2026-01-01 08:00:00'),
(NULL, NULL, NULL, 38, 'PDF', 'racun_38.pdf', 'application/pdf', 16900, '/docs/racuni/2026/racun_38.pdf', 'Digitalna preslika racuna', '2026-01-01 08:00:00', '2026-01-01 08:00:00'),
(NULL, NULL, NULL, 39, 'PDF', 'racun_39.pdf', 'application/pdf', 16950, '/docs/racuni/2026/racun_39.pdf', 'Digitalna preslika racuna', '2026-01-01 08:00:00', '2026-01-01 08:00:00'),
(NULL, NULL, NULL, 40, 'PDF', 'racun_40.pdf', 'application/pdf', 17000, '/docs/racuni/2026/racun_40.pdf', 'Digitalna preslika racuna', '2026-01-01 08:00:00', '2026-01-01 08:00:00'),
(NULL, NULL, NULL, 41, 'PDF', 'racun_41.pdf', 'application/pdf', 17050, '/docs/racuni/2026/racun_41.pdf', 'Digitalna preslika racuna', '2026-01-01 08:00:00', '2026-01-01 08:00:00'),
(NULL, NULL, NULL, 42, 'PDF', 'racun_42.pdf', 'application/pdf', 17100, '/docs/racuni/2026/racun_42.pdf', 'Digitalna preslika racuna', '2026-01-01 08:00:00', '2026-01-01 08:00:00'),
(NULL, NULL, NULL, 43, 'PDF', 'racun_43.pdf', 'application/pdf', 17150, '/docs/racuni/2026/racun_43.pdf', 'Digitalna preslika racuna', '2026-01-01 08:00:00', '2026-01-01 08:00:00'),
(NULL, NULL, NULL, 44, 'PDF', 'racun_44.pdf', 'application/pdf', 17200, '/docs/racuni/2026/racun_44.pdf', 'Digitalna preslika racuna', '2026-01-01 08:00:00', '2026-01-01 08:00:00'),
(NULL, NULL, NULL, 45, 'PDF', 'racun_45.pdf', 'application/pdf', 17250, '/docs/racuni/2026/racun_45.pdf', 'Digitalna preslika racuna', '2026-01-01 08:00:00', '2026-01-01 08:00:00'),
(NULL, NULL, NULL, 46, 'PDF', 'racun_46.pdf', 'application/pdf', 17300, '/docs/racuni/2026/racun_46.pdf', 'Digitalna preslika racuna', '2026-01-01 08:00:00', '2026-01-01 08:00:00'),
(NULL, NULL, NULL, 47, 'PDF', 'racun_47.pdf', 'application/pdf', 17350, '/docs/racuni/2026/racun_47.pdf', 'Digitalna preslika racuna', '2026-01-01 08:00:00', '2026-01-01 08:00:00'),
(NULL, NULL, NULL, 48, 'PDF', 'racun_48.pdf', 'application/pdf', 17400, '/docs/racuni/2026/racun_48.pdf', 'Digitalna preslika racuna', '2026-01-01 08:00:00', '2026-01-01 08:00:00'),
(NULL, NULL, NULL, 49, 'PDF', 'racun_49.pdf', 'application/pdf', 17450, '/docs/racuni/2026/racun_49.pdf', 'Digitalna preslika racuna', '2026-01-01 08:00:00', '2026-01-01 08:00:00'),
(NULL, NULL, NULL, 50, 'PDF', 'racun_50.pdf', 'application/pdf', 17500, '/docs/racuni/2026/racun_50.pdf', 'Digitalna preslika racuna', '2026-01-01 08:00:00', '2026-01-01 08:00:00');

INSERT INTO stavka_racuna (id_racun, id_pregled_usluga, id_usluga, opis, kolicina, jedinicna_cijena, stopa_popusta, stopa_poreza, iznos_bez_poreza, iznos_poreza, ukupan_iznos, vrijeme_kreiranja, vrijeme_azuriranja) VALUES
(1, 1, NULL, 'Usluga: Specijalistički pregled internista', '1.00', '35.00', '0.00', '25.00', '35.00', '8.75', '43.75', '2026-01-01 08:00:00', '2026-01-01 08:00:00'),
(2, 2, NULL, 'Usluga: Kardiološki pregled', '1.00', '45.00', '0.00', '25.00', '45.00', '11.25', '56.25', '2026-01-01 08:00:00', '2026-01-01 08:00:00'),
(3, 3, NULL, 'Usluga: Elektrokardiogram (EKG)', '1.00', '18.00', '0.00', '25.00', '18.00', '4.50', '22.50', '2026-01-01 08:00:00', '2026-01-01 08:00:00'),
(4, 4, NULL, 'Usluga: UZV srca (ehokardiografija)', '1.00', '70.00', '0.00', '25.00', '70.00', '17.50', '87.50', '2026-01-01 08:00:00', '2026-01-01 08:00:00'),
(5, 5, NULL, 'Usluga: Holter EKG 24h', '1.00', '85.00', '0.00', '25.00', '85.00', '21.25', '106.25', '2026-01-01 08:00:00', '2026-01-01 08:00:00'),
(6, 6, NULL, 'Usluga: Neuroloski pregled', '1.00', '50.00', '0.00', '25.00', '50.00', '12.50', '62.50', '2026-01-01 08:00:00', '2026-01-01 08:00:00'),
(7, 7, NULL, 'Usluga: EEG', '1.00', '90.00', '0.00', '25.00', '90.00', '22.50', '112.50', '2026-01-01 08:00:00', '2026-01-01 08:00:00'),
(8, 8, NULL, 'Usluga: EMNG', '1.00', '120.00', '0.00', '25.00', '120.00', '30.00', '150.00', '2026-01-01 08:00:00', '2026-01-01 08:00:00'),
(9, 9, NULL, 'Usluga: Pulmoloski pregled', '1.00', '55.00', '0.00', '25.00', '55.00', '13.75', '68.75', '2026-01-01 08:00:00', '2026-01-01 08:00:00'),
(10, 10, NULL, 'Usluga: Spirometrija', '1.00', '20.00', '0.00', '25.00', '20.00', '5.00', '25.00', '2026-01-01 08:00:00', '2026-01-01 08:00:00'),
(11, 11, NULL, 'Usluga: Gastroenteroloski pregled', '1.00', '50.00', '0.00', '25.00', '50.00', '12.50', '62.50', '2026-01-01 08:00:00', '2026-01-01 08:00:00'),
(12, 12, NULL, 'Usluga: UZV abdomena', '1.00', '60.00', '0.00', '25.00', '60.00', '15.00', '75.00', '2026-01-01 08:00:00', '2026-01-01 08:00:00'),
(13, 13, NULL, 'Usluga: Gastroskopija', '1.00', '140.00', '0.00', '25.00', '140.00', '35.00', '175.00', '2026-01-01 08:00:00', '2026-01-01 08:00:00'),
(14, 14, NULL, 'Usluga: Kolonoskopija', '1.00', '180.00', '0.00', '25.00', '180.00', '45.00', '225.00', '2026-01-01 08:00:00', '2026-01-01 08:00:00'),
(15, 15, NULL, 'Usluga: Endokrinoloski pregled', '1.00', '50.00', '0.00', '25.00', '50.00', '12.50', '62.50', '2026-01-01 08:00:00', '2026-01-01 08:00:00'),
(16, 16, NULL, 'Usluga: Nefroloski pregled', '1.00', '52.00', '0.00', '25.00', '52.00', '13.00', '65.00', '2026-01-01 08:00:00', '2026-01-01 08:00:00'),
(17, 17, NULL, 'Usluga: Dermatoloski pregled', '1.00', '45.00', '0.00', '25.00', '45.00', '11.25', '56.25', '2026-01-01 08:00:00', '2026-01-01 08:00:00'),
(18, 18, NULL, 'Usluga: Dermatoskopija', '1.00', '35.00', '0.00', '25.00', '35.00', '8.75', '43.75', '2026-01-01 08:00:00', '2026-01-01 08:00:00'),
(19, 19, NULL, 'Usluga: Oftalmoloski pregled', '1.00', '48.00', '0.00', '25.00', '48.00', '12.00', '60.00', '2026-01-01 08:00:00', '2026-01-01 08:00:00'),
(20, 20, NULL, 'Usluga: Mjerenje ocnog tlaka', '1.00', '15.00', '0.00', '25.00', '15.00', '3.75', '18.75', '2026-01-01 08:00:00', '2026-01-01 08:00:00'),
(21, 21, NULL, 'Usluga: OCT snimanje oka', '1.00', '65.00', '0.00', '25.00', '65.00', '16.25', '81.25', '2026-01-01 08:00:00', '2026-01-01 08:00:00'),
(22, 22, NULL, 'Usluga: ORL pregled', '1.00', '40.00', '0.00', '25.00', '40.00', '10.00', '50.00', '2026-01-01 08:00:00', '2026-01-01 08:00:00'),
(23, 23, NULL, 'Usluga: Audiometrija', '1.00', '30.00', '0.00', '25.00', '30.00', '7.50', '37.50', '2026-01-01 08:00:00', '2026-01-01 08:00:00'),
(24, 24, NULL, 'Usluga: UZV stitnjace', '1.00', '28.00', '0.00', '25.00', '28.00', '7.00', '35.00', '2026-01-01 08:00:00', '2026-01-01 08:00:00'),
(25, 25, NULL, 'Usluga: Ortopedski pregled', '1.00', '52.00', '0.00', '25.00', '52.00', '13.00', '65.00', '2026-01-01 08:00:00', '2026-01-01 08:00:00'),
(26, 26, NULL, 'Usluga: RTG snimanje', '1.00', '25.00', '0.00', '25.00', '25.00', '6.25', '31.25', '2026-01-01 08:00:00', '2026-01-01 08:00:00'),
(27, 27, NULL, 'Usluga: MR snimanje', '1.00', '190.00', '0.00', '25.00', '190.00', '47.50', '237.50', '2026-01-01 08:00:00', '2026-01-01 08:00:00'),
(28, 28, NULL, 'Usluga: CT snimanje', '1.00', '160.00', '0.00', '25.00', '160.00', '40.00', '200.00', '2026-01-01 08:00:00', '2026-01-01 08:00:00'),
(29, 29, NULL, 'Usluga: Fizijatrijski pregled', '1.00', '42.00', '0.00', '25.00', '42.00', '10.50', '52.50', '2026-01-01 08:00:00', '2026-01-01 08:00:00'),
(30, 30, NULL, 'Usluga: Reumatoloski pregled', '1.00', '58.00', '0.00', '25.00', '58.00', '14.50', '72.50', '2026-01-01 08:00:00', '2026-01-01 08:00:00'),
(31, 31, NULL, 'Usluga: Uroloski pregled', '1.00', '55.00', '0.00', '25.00', '55.00', '13.75', '68.75', '2026-01-01 08:00:00', '2026-01-01 08:00:00'),
(32, 32, NULL, 'Usluga: UZV urotrakta', '1.00', '45.00', '0.00', '25.00', '45.00', '11.25', '56.25', '2026-01-01 08:00:00', '2026-01-01 08:00:00'),
(33, 33, NULL, 'Usluga: PSA laboratorijska analiza', '1.00', '22.00', '0.00', '25.00', '22.00', '5.50', '27.50', '2026-01-01 08:00:00', '2026-01-01 08:00:00'),
(34, 34, NULL, 'Usluga: Ginekoloski pregled', '1.00', '48.00', '0.00', '25.00', '48.00', '12.00', '60.00', '2026-01-01 08:00:00', '2026-01-01 08:00:00'),
(35, 35, NULL, 'Usluga: Papa test', '1.00', '22.00', '0.00', '25.00', '22.00', '5.50', '27.50', '2026-01-01 08:00:00', '2026-01-01 08:00:00'),
(36, 36, NULL, 'Usluga: Ginekoloski UZV', '1.00', '38.00', '0.00', '25.00', '38.00', '9.50', '47.50', '2026-01-01 08:00:00', '2026-01-01 08:00:00'),
(37, 37, NULL, 'Usluga: Pedijatrijski pregled', '1.00', '45.00', '0.00', '25.00', '45.00', '11.25', '56.25', '2026-01-01 08:00:00', '2026-01-01 08:00:00'),
(38, 38, NULL, 'Usluga: Kompletna krvna slika', '1.00', '12.00', '0.00', '25.00', '12.00', '3.00', '15.00', '2026-01-01 08:00:00', '2026-01-01 08:00:00'),
(39, 39, NULL, 'Usluga: Glukoza u krvi', '1.00', '10.00', '0.00', '25.00', '10.00', '2.50', '12.50', '2026-01-01 08:00:00', '2026-01-01 08:00:00'),
(40, 40, NULL, 'Usluga: HbA1c analiza', '1.00', '14.00', '0.00', '25.00', '14.00', '3.50', '17.50', '2026-01-01 08:00:00', '2026-01-01 08:00:00'),
(41, 41, NULL, 'Usluga: Lipidogram', '1.00', '24.00', '0.00', '25.00', '24.00', '6.00', '30.00', '2026-01-01 08:00:00', '2026-01-01 08:00:00'),
(42, 42, NULL, 'Usluga: TSH analiza', '1.00', '16.00', '0.00', '25.00', '16.00', '4.00', '20.00', '2026-01-01 08:00:00', '2026-01-01 08:00:00'),
(43, 43, NULL, 'Usluga: CRP analiza', '1.00', '12.00', '0.00', '25.00', '12.00', '3.00', '15.00', '2026-01-01 08:00:00', '2026-01-01 08:00:00'),
(44, 44, NULL, 'Usluga: D-dimer analiza', '1.00', '18.00', '0.00', '25.00', '18.00', '4.50', '22.50', '2026-01-01 08:00:00', '2026-01-01 08:00:00'),
(45, 45, NULL, 'Usluga: Psihijatrijski pregled', '1.00', '65.00', '0.00', '25.00', '65.00', '16.25', '81.25', '2026-01-01 08:00:00', '2026-01-01 08:00:00'),
(46, 46, NULL, 'Usluga: Psiholosko testiranje', '1.00', '80.00', '0.00', '25.00', '80.00', '20.00', '100.00', '2026-01-01 08:00:00', '2026-01-01 08:00:00'),
(47, 47, NULL, 'Usluga: Nutricionisticko savjetovanje', '1.00', '35.00', '0.00', '25.00', '35.00', '8.75', '43.75', '2026-01-01 08:00:00', '2026-01-01 08:00:00'),
(48, 48, NULL, 'Usluga: Hitna ambulantna trijaza', '1.00', '20.00', '0.00', '25.00', '20.00', '5.00', '25.00', '2026-01-01 08:00:00', '2026-01-01 08:00:00'),
(49, 49, NULL, 'Usluga: Pregled obiteljske medicine', '1.00', '18.00', '0.00', '25.00', '18.00', '4.50', '22.50', '2026-01-01 08:00:00', '2026-01-01 08:00:00'),
(50, 50, NULL, 'Usluga: Kontrolni pregled', '1.00', '30.00', '0.00', '25.00', '30.00', '7.50', '37.50', '2026-01-01 08:00:00', '2026-01-01 08:00:00');

INSERT INTO uplata (id_racun, id_nacin_placanja, placeno_u, iznos, referenca_transakcije, napomena, vrijeme_kreiranja, vrijeme_azuriranja) VALUES
(1, 1, '2026-04-02 14:30:00', '43.75', 'TRX-2026-000001', 'Evidentirana uplata', '2026-01-01 08:00:00', '2026-01-01 08:00:00'),
(2, 2, '2026-04-03 14:30:00', '56.25', 'TRX-2026-000002', 'Evidentirana uplata', '2026-01-01 08:00:00', '2026-01-01 08:00:00'),
(3, 3, '2026-04-04 14:30:00', '22.50', 'TRX-2026-000003', 'Evidentirana uplata', '2026-01-01 08:00:00', '2026-01-01 08:00:00'),
(4, 4, '2026-04-05 14:30:00', '87.50', 'TRX-2026-000004', 'Evidentirana uplata', '2026-01-01 08:00:00', '2026-01-01 08:00:00'),
(5, 5, '2026-04-06 14:30:00', '106.25', 'TRX-2026-000005', 'Evidentirana uplata', '2026-01-01 08:00:00', '2026-01-01 08:00:00'),
(6, 6, '2026-04-07 14:30:00', '62.50', 'TRX-2026-000006', 'Evidentirana uplata', '2026-01-01 08:00:00', '2026-01-01 08:00:00'),
(7, 7, '2026-04-08 14:30:00', '112.50', 'TRX-2026-000007', 'Evidentirana uplata', '2026-01-01 08:00:00', '2026-01-01 08:00:00'),
(8, 8, '2026-04-09 14:30:00', '150.00', 'TRX-2026-000008', 'Evidentirana uplata', '2026-01-01 08:00:00', '2026-01-01 08:00:00'),
(9, 9, '2026-04-10 14:30:00', '68.75', 'TRX-2026-000009', 'Evidentirana uplata', '2026-01-01 08:00:00', '2026-01-01 08:00:00'),
(10, 10, '2026-04-11 14:30:00', '25.00', 'TRX-2026-000010', 'Evidentirana uplata', '2026-01-01 08:00:00', '2026-01-01 08:00:00'),
(11, 11, '2026-04-12 14:30:00', '62.50', 'TRX-2026-000011', 'Evidentirana uplata', '2026-01-01 08:00:00', '2026-01-01 08:00:00'),
(12, 12, '2026-04-13 14:30:00', '75.00', 'TRX-2026-000012', 'Evidentirana uplata', '2026-01-01 08:00:00', '2026-01-01 08:00:00'),
(13, 13, '2026-04-14 14:30:00', '175.00', 'TRX-2026-000013', 'Evidentirana uplata', '2026-01-01 08:00:00', '2026-01-01 08:00:00'),
(14, 14, '2026-04-15 14:30:00', '225.00', 'TRX-2026-000014', 'Evidentirana uplata', '2026-01-01 08:00:00', '2026-01-01 08:00:00'),
(15, 15, '2026-04-16 14:30:00', '62.50', 'TRX-2026-000015', 'Evidentirana uplata', '2026-01-01 08:00:00', '2026-01-01 08:00:00'),
(16, 16, '2026-04-17 14:30:00', '65.00', 'TRX-2026-000016', 'Evidentirana uplata', '2026-01-01 08:00:00', '2026-01-01 08:00:00'),
(17, 17, '2026-04-18 14:30:00', '56.25', 'TRX-2026-000017', 'Evidentirana uplata', '2026-01-01 08:00:00', '2026-01-01 08:00:00'),
(18, 18, '2026-04-19 14:30:00', '43.75', 'TRX-2026-000018', 'Evidentirana uplata', '2026-01-01 08:00:00', '2026-01-01 08:00:00'),
(19, 19, '2026-04-20 14:30:00', '60.00', 'TRX-2026-000019', 'Evidentirana uplata', '2026-01-01 08:00:00', '2026-01-01 08:00:00'),
(20, 20, '2026-04-21 14:30:00', '18.75', 'TRX-2026-000020', 'Evidentirana uplata', '2026-01-01 08:00:00', '2026-01-01 08:00:00'),
(21, 21, '2026-04-22 14:30:00', '81.25', 'TRX-2026-000021', 'Evidentirana uplata', '2026-01-01 08:00:00', '2026-01-01 08:00:00'),
(22, 22, '2026-04-23 14:30:00', '50.00', 'TRX-2026-000022', 'Evidentirana uplata', '2026-01-01 08:00:00', '2026-01-01 08:00:00'),
(23, 23, '2026-04-24 14:30:00', '37.50', 'TRX-2026-000023', 'Evidentirana uplata', '2026-01-01 08:00:00', '2026-01-01 08:00:00'),
(24, 24, '2026-04-25 14:30:00', '35.00', 'TRX-2026-000024', 'Evidentirana uplata', '2026-01-01 08:00:00', '2026-01-01 08:00:00'),
(25, 25, '2026-04-26 14:30:00', '65.00', 'TRX-2026-000025', 'Evidentirana uplata', '2026-01-01 08:00:00', '2026-01-01 08:00:00'),
(26, 26, '2026-04-27 14:30:00', '31.25', 'TRX-2026-000026', 'Evidentirana uplata', '2026-01-01 08:00:00', '2026-01-01 08:00:00'),
(27, 27, '2026-04-28 14:30:00', '237.50', 'TRX-2026-000027', 'Evidentirana uplata', '2026-01-01 08:00:00', '2026-01-01 08:00:00'),
(28, 28, '2026-04-29 14:30:00', '200.00', 'TRX-2026-000028', 'Evidentirana uplata', '2026-01-01 08:00:00', '2026-01-01 08:00:00'),
(29, 29, '2026-04-30 14:30:00', '52.50', 'TRX-2026-000029', 'Evidentirana uplata', '2026-01-01 08:00:00', '2026-01-01 08:00:00'),
(30, 30, '2026-05-01 14:30:00', '72.50', 'TRX-2026-000030', 'Evidentirana uplata', '2026-01-01 08:00:00', '2026-01-01 08:00:00'),
(31, 31, '2026-05-02 14:30:00', '68.75', 'TRX-2026-000031', 'Evidentirana uplata', '2026-01-01 08:00:00', '2026-01-01 08:00:00'),
(32, 32, '2026-05-03 14:30:00', '56.25', 'TRX-2026-000032', 'Evidentirana uplata', '2026-01-01 08:00:00', '2026-01-01 08:00:00'),
(33, 33, '2026-05-04 14:30:00', '27.50', 'TRX-2026-000033', 'Evidentirana uplata', '2026-01-01 08:00:00', '2026-01-01 08:00:00'),
(34, 34, '2026-05-05 14:30:00', '60.00', 'TRX-2026-000034', 'Evidentirana uplata', '2026-01-01 08:00:00', '2026-01-01 08:00:00'),
(35, 35, '2026-05-06 14:30:00', '27.50', 'TRX-2026-000035', 'Evidentirana uplata', '2026-01-01 08:00:00', '2026-01-01 08:00:00'),
(36, 36, '2026-05-07 14:30:00', '47.50', 'TRX-2026-000036', 'Evidentirana uplata', '2026-01-01 08:00:00', '2026-01-01 08:00:00'),
(37, 37, '2026-05-08 14:30:00', '56.25', 'TRX-2026-000037', 'Evidentirana uplata', '2026-01-01 08:00:00', '2026-01-01 08:00:00'),
(38, 38, '2026-05-09 14:30:00', '15.00', 'TRX-2026-000038', 'Evidentirana uplata', '2026-01-01 08:00:00', '2026-01-01 08:00:00'),
(39, 39, '2026-05-10 14:30:00', '12.50', 'TRX-2026-000039', 'Evidentirana uplata', '2026-01-01 08:00:00', '2026-01-01 08:00:00'),
(40, 40, '2026-05-11 14:30:00', '17.50', 'TRX-2026-000040', 'Evidentirana uplata', '2026-01-01 08:00:00', '2026-01-01 08:00:00'),
(41, 41, '2026-05-12 14:30:00', '30.00', 'TRX-2026-000041', 'Evidentirana uplata', '2026-01-01 08:00:00', '2026-01-01 08:00:00'),
(42, 42, '2026-05-13 14:30:00', '20.00', 'TRX-2026-000042', 'Evidentirana uplata', '2026-01-01 08:00:00', '2026-01-01 08:00:00'),
(43, 43, '2026-05-14 14:30:00', '15.00', 'TRX-2026-000043', 'Evidentirana uplata', '2026-01-01 08:00:00', '2026-01-01 08:00:00'),
(44, 44, '2026-05-15 14:30:00', '22.50', 'TRX-2026-000044', 'Evidentirana uplata', '2026-01-01 08:00:00', '2026-01-01 08:00:00'),
(45, 45, '2026-05-16 14:30:00', '81.25', 'TRX-2026-000045', 'Evidentirana uplata', '2026-01-01 08:00:00', '2026-01-01 08:00:00'),
(46, 46, '2026-05-17 14:30:00', '100.00', 'TRX-2026-000046', 'Evidentirana uplata', '2026-01-01 08:00:00', '2026-01-01 08:00:00'),
(47, 47, '2026-05-18 14:30:00', '43.75', 'TRX-2026-000047', 'Evidentirana uplata', '2026-01-01 08:00:00', '2026-01-01 08:00:00'),
(48, 48, '2026-05-19 14:30:00', '25.00', 'TRX-2026-000048', 'Evidentirana uplata', '2026-01-01 08:00:00', '2026-01-01 08:00:00'),
(49, 49, '2026-05-20 14:30:00', '22.50', 'TRX-2026-000049', 'Evidentirana uplata', '2026-01-01 08:00:00', '2026-01-01 08:00:00'),
(50, 50, '2026-05-21 14:30:00', '37.50', 'TRX-2026-000050', 'Evidentirana uplata', '2026-01-01 08:00:00', '2026-01-01 08:00:00');
